pl_name,hostname,pl_orbper,pl_orbsmax,st_mass,discoverymethod
"TOI-4914 b","TOI-4914",10.60057000000,0.0980000000,1.030000,"Transit"
"TOI-237 c","TOI-237",1.74486147000,0.0160000000,0.169800,"Transit"
"TOI-1898 b","TOI-1898",45.52234000000,0.2690000000,1.248400,"Transit"
"HD 330075 b","HD 330075",3.38773000000,0.0400000000,0.470000,"Radial Velocity"
"KOI-351 f","KOI-351",124.91440000000,0.4800000000,1.200000,"Transit"
"TOI-1749 b","TOI-1749",2.38839000000,0.0291000000,0.580000,"Transit"
"OGLE-2016-BLG-1190L b","OGLE-2016-BLG-1190L",1220.00000000000,2.1700000000,0.880000,"Microlensing"
"Kepler-82 c","Kepler-82",51.54000000000,0.2626000000,0.910000,"Transit"
"Kepler-434 b","Kepler-434",12.87470990000,0.1143000000,1.198000,"Transit"
"Kepler-1998 b","Kepler-1998",3.03267135000,0.0405000000,0.962000,"Transit"
"HD 3765 b","HD 3765",1211.00000000000,2.1080000000,0.851785,"Radial Velocity"
"Kepler-444 e","Kepler-444",7.74349300000,0.0696000000,0.758000,"Transit"
"WASP-89 b","WASP-89",3.35642270000,0.0427000000,0.920000,"Transit"
"K2-415 b","K2-415",4.01796940000,0.0270000000,0.163500,"Transit"
"HATS-13 b","HATS-13",3.04404990000,0.0405700000,0.962000,"Transit"
"HIP 94235 b","HIP 94235",7.71305700000,0.0787000000,1.094000,"Transit"
"Kepler-763 d","Kepler-763",6.50327035000,0.0634000000,0.800000,"Transit"
"HD 136352 c","HD 136352",27.59221000000,0.1721000000,0.870000,"Radial Velocity"
"HD 212301 b","HD 212301",2.24571000000,0.0300000000,1.550000,"Radial Velocity"
"HD 159243 c","HD 159243",248.40000000000,0.8000000000,1.125000,"Radial Velocity"
"K2-162 b","K2-162",9.45889000000,0.0795000000,0.750000,"Transit"
"K2-80 b","K2-80",19.09180000000,0.1350000000,0.900000,"Transit"
"WASP-195 b","WASP-195",5.05192800000,0.0630000000,1.300000,"Transit"
"HD 117207 b","HD 117207",2621.75000000000,3.7870000000,1.053000,"Radial Velocity"
"TOI-1728 b","TOI-1728",3.49151000000,0.0391000000,0.646000,"Transit"
"HD 188641 b","HD 188641",14583.81038000000,12.0270000000,1.070000,"Radial Velocity"
"HD 221287 b","HD 221287",456.10000000000,1.2500000000,1.250000,"Radial Velocity"
"K2-147 b","K2-147",0.96193900000,0.0157500000,0.563000,"Transit"
"TOI-251 b","TOI-251",4.93777000000,0.0574100000,1.036000,"Transit"
"HD 30562 b","HD 30562",1157.00000000000,2.3400000000,1.120000,"Radial Velocity"
"Kepler-30 c","Kepler-30",60.32310500000,0.3000000000,0.990000,"Transit"
"TOI-1246 e","TOI-1246",37.92548000000,0.2120000000,0.888900,"Transit"
"HIP 107772 b","HIP 107772",55.19900000000,0.2430000000,0.630000,"Radial Velocity"
"TIC 172900988 b","TIC 172900988 Aa",200.45200000000,0.9028100000,1.238400,"Transit"
"TOI-7149 b","TOI-7149",2.65206166000,0.0260300000,0.344000,"Transit"
"HD 97037 b","HD 97037",6449.08337000000,6.9250000000,1.060000,"Radial Velocity"
"HAT-P-35 b","HAT-P-35",3.64670600000,0.0497800000,1.236000,"Transit"
"TOI-2015 c","TOI-2015",5.58279600000,0.0412320000,0.304100,"Transit Timing Variations"
"Kepler-82 f","Kepler-82",75.73200000000,0.3395000000,0.910000,"Transit Timing Variations"
"GJ 463 b","GJ 463",3459.00000000000,3.5300000000,0.486000,"Radial Velocity"
"TOI-1117 b","TOI-1117",2.22816000000,0.0330000000,0.970000,"Transit"
"HD 11506 b","HD 11506",1617.70000000000,2.8850000000,1.220000,"Radial Velocity"
"TOI-3486 b","TOI-3486",2.21778105000,0.0313800000,0.837000,"Transit"
"K2-216 b","K2-216",2.17480000000,0.0280000000,0.700000,"Transit"
"HD 98649 b","HD 98649",5384.00000000000,5.9700000000,0.970000,"Radial Velocity"
"WASP-93 b","WASP-93",2.73253210000,0.0421100000,1.334000,"Transit"
"TOI-2096 b","TOI-2096",3.11906330000,0.0250000000,0.231000,"Transit"
"CoRoT-28 b","CoRoT-28",5.20851000000,0.0603000000,1.010000,"Transit"
"K2-275 c","K2-275",8.43883850000,0.0881000000,0.770000,"Transit"
"TOI-5789 c","TOI-5789",12.92774800000,0.1009000000,0.821000,"Transit"
"HD 96700 b","HD 96700",8.12450000000,0.0777000000,0.890000,"Radial Velocity"
"Kepler-454 b","Kepler-454",10.57375340000,0.0952800000,1.030000,"Transit"
"TOI-5027 b","TOI-5027",10.24368000000,0.0930000000,1.020000,"Transit"
"HAT-P-46 b","HAT-P-46",4.46312900000,0.0577000000,1.284000,"Transit"
"16 Cyg B b","16 Cyg B",798.50000000000,1.6600000000,1.080000,"Radial Velocity"
"HD 109749 b","HD 109749",5.23989100000,0.0615000000,1.130000,"Radial Velocity"
"HD 27894 c","HD 27894",36.07000000000,0.1980000000,0.800000,"Radial Velocity"
"NGTS-6 b","NGTS-6",0.88205900000,0.0167700000,0.767000,"Transit"
"Kepler-419 b","Kepler-419",69.75460000000,0.3700000000,1.390000,"Transit"
"HATS-26 b","HATS-26",3.30238810000,0.0473500000,1.299000,"Transit"
"K2-16 c","K2-16",19.07863000000,0.1229000000,0.680000,"Transit"
"TOI-7510 c","TOI-7510",22.56874230000,0.1595000000,1.063000,"Transit"
"YZ Cet d","YZ Cet",4.65626000000,0.0285100000,0.142000,"Radial Velocity"
"K2-237 b","K2-237",2.18053332000,0.0355200000,1.256000,"Transit"
"K2-11 b","K2-11",39.93767000000,0.2257000000,1.350000,"Transit"
"CoRoT-11 b","CoRoT-11",2.99433000000,0.0436000000,1.270000,"Transit"
"WASP-160 B b","WASP-160 B",3.76849520000,0.0452000000,0.870000,"Transit"
"TOI-6034 b","TOI-6034",2.57618400000,0.0294900000,0.514000,"Transit"
"HIP 75092 b","HIP 75092",926.40000000000,2.0200000000,1.280000,"Radial Velocity"
"TOI-269 b","TOI-269",3.69771040000,0.0345000000,0.391700,"Transit"
"Kepler-31 d","Kepler-31",87.64510000000,0.4000000000,1.210000,"Transit"
"Kepler-109 c","Kepler-109",21.22265000000,0.1546000000,1.094000,"Transit"
"WTS-2 b","WTS-2",1.01870680000,0.0185500000,0.820000,"Transit"
"HAT-P-44 b","HAT-P-44",4.30121900000,0.0507000000,0.942000,"Transit"
"K2-75 b","K2-75",7.81420000000,0.0810000000,1.160000,"Transit"
"TOI-1789 b","TOI-1789",3.20866400000,0.0488200000,1.507000,"Transit"
"HD 154088 b","HD 154088",18.56000000000,0.1340000000,0.910000,"Radial Velocity"
"Kepler-15 b","Kepler-15",4.94278200000,0.0571400000,1.018000,"Transit"
"TOI-3464 b","TOI-3464",3.65155680000,0.0515000000,1.363000,"Transit"
"HD 33844 c","HD 33844",916.00000000000,2.2400000000,1.780000,"Radial Velocity"
"WASP-43 b","WASP-43",0.81347500000,0.0142000000,0.580000,"Transit"
"K2-254 c","K2-254",12.11839000000,0.0923000000,0.710000,"Transit"
"TOI-4137 b","TOI-4137",3.80161220000,0.0522200000,1.313000,"Transit"
"WASP-52 b","WASP-52",1.74977980000,0.0272000000,0.870000,"Transit"
"HAT-P-17 c","HAT-P-17",5584.00000000000,5.6000000000,0.920000,"Radial Velocity"
"KOI-94 d","KOI-94",22.34298900000,0.1684000000,1.277000,"Transit"
"KOI-94 c","KOI-94",10.42364800000,0.1013000000,1.277000,"Transit"
"KOI-94 e","KOI-94",54.32031000000,0.3046000000,1.277000,"Transit"
"KOI-94 b","KOI-94",3.74320800000,0.0511900000,1.277000,"Transit"
"WASP-103 b","WASP-103",0.92554200000,0.0198500000,1.220000,"Transit"
"Kepler-51 b","Kepler-51",45.15400000000,0.2514000000,1.040000,"Transit"
"Kepler-51 d","Kepler-51",130.19400000000,0.5090000000,1.040000,"Transit"
"Kepler-51 c","Kepler-51",85.31200000000,0.3840000000,1.040000,"Transit"
"WASP-96 b","WASP-96",3.42526020000,0.0453000000,1.060000,"Transit"
"Kepler-46 b","Kepler-46",33.60134000000,0.1968000000,0.902000,"Transit"
"Kepler-46 c","Kepler-46",57.01100000000,0.2799000000,0.902000,"Transit Timing Variations"
"bet Pic d","bet Pic",33200.00000000000,26.0000000000,1.789000,"Imaging"
"HD 134606 e","HD 134606",4.32030000000,0.0527000000,1.046000,"Radial Velocity"
"Kepler-1976 b","Kepler-1976",4.95931924400,0.0565000000,0.976000,"Transit"
"Kepler-411 c","Kepler-411",7.83443500000,0.0739000000,0.870000,"Transit"
"Kepler-411 d","Kepler-411",58.02035000000,0.2790000000,0.870000,"Transit"
"CoRoT-8 b","CoRoT-8",6.21229000000,0.0630000000,0.880000,"Transit"
"HATS-7 b","HATS-7",3.18531500000,0.0401200000,0.849000,"Transit"
"MASCARA-1 b","MASCARA-1",2.14877381000,0.0403520000,1.900000,"Transit"
"TOI-5800 b","TOI-5800",2.62788380000,0.0344000000,0.778000,"Transit"
"HD 214823 b","HD 214823",1854.84424000000,3.0800000000,1.115000,"Radial Velocity"
"K2-320 b","K2-320",1.99500000000,0.0142000000,0.117000,"Transit"
"TOI-880.02","TOI-880",2.57571000000,0.0349000000,0.870000,"Transit"
"HD 101581 b","HIP 56998",4.46569000000,0.0460000000,0.653000,"Transit"
"EPIC 229004835 b","EPIC 229004835",16.14113200000,0.1237000000,0.970000,"Transit"
"WASP-147 b","WASP-147",4.60273000000,0.0549000000,1.044000,"Transit"
"TOI-3593 b","TOI-3593",3.82128670000,0.0481000000,1.015000,"Transit"
"TOI-2443 b","TOI-2443",15.66858000000,0.1050000000,0.642000,"Transit"
"HD 191806 b","HD 191806",1603.38923000000,2.7490000000,1.070000,"Radial Velocity"
"Kepler-11 f","Kepler-11",46.68880000000,0.2500000000,0.961000,"Transit"
"K2-83 b","K2-83",2.74697000000,0.0301400000,0.484000,"Transit"
"HD 213240 b","HD 213240",882.70001000000,1.8900000000,1.570000,"Radial Velocity"
"K2-138 g","K2-138",41.96797000000,0.2310900000,0.935000,"Transit"
"HIP 29442 d","TOI-469",6.42957500000,0.0673000000,0.901000,"Radial Velocity"
"HD 62364 c","HD 62364",74839.94555000000,36.9840000000,1.190000,"Radial Velocity"
"HD 29985 b","HD 29985",20608.14049000000,13.3900000000,0.750000,"Radial Velocity"
"GJ 682 b","GJ 682",17.47800000000,0.0800000000,0.270000,"Radial Velocity"
"Kepler-454 d","Kepler-454",4073.00000000000,5.1000000000,1.030000,"Radial Velocity"
"Kepler-138 b","Kepler-138",10.31340000000,0.0753000000,0.535000,"Transit"
"Kepler-138 c","Kepler-138",13.78150000000,0.0913000000,0.535000,"Transit"
"Kepler-138 d","Kepler-138",23.09230000000,0.1288000000,0.535000,"Transit"
"HD 18438 b","HD 18438",803.00000000000,2.1000000000,1.840000,"Radial Velocity"
"HD 95735 c","GJ 411",2946.00000000000,2.9400000000,0.389900,"Radial Velocity"
"HD 45364 b","HD 45364",225.79000000000,0.6793000000,0.820000,"Radial Velocity"
"HATS-53 b","HATS-53",3.85377680000,0.0475300000,0.964000,"Transit"
"HD 110014 b","HD 110014",835.47700000000,2.1400000000,2.170000,"Radial Velocity"
"HD 220197 b","HD 220197",1728.00000000000,2.7290000000,0.910000,"Radial Velocity"
"WASP-37 b","WASP-37",3.57746900000,0.0446000000,0.925000,"Transit"
"WASP-46 b","WASP-46",1.43036763000,0.0233500000,0.828000,"Transit"
"HD 115404 A c","HD 115404 A",15319.22517000000,11.3640000000,0.830000,"Radial Velocity"
"K2-273 b","K2-273",11.71956630000,0.0729000000,0.890000,"Transit"
"TOI-1221 b","TOI-1221",91.68278000000,0.3870000000,0.930000,"Transit"
"CoRoT-4 b","CoRoT-4",9.20205000000,0.0900000000,1.160000,"Transit"
"HAT-P-12 b","HAT-P-12",3.21305980000,0.0384000000,0.733000,"Transit"
"HAT-P-1 b","HAT-P-1",4.46529976000,0.0556100000,1.151000,"Transit"
"TOI-2411 b","TOI-2411",0.78269420000,0.0144000000,0.650000,"Transit"
"Kepler-37 d","Kepler-37",39.79226220000,0.2109000000,0.790000,"Transit"
"TIC 46432937 b","TIC 46432937",1.44044527000,0.0206500000,0.563000,"Transit"
"HD 74156 c","HD 74156",2448.48726000000,3.6780000000,1.100000,"Radial Velocity"
"GJ 273 c","GJ 273",4.72340000000,0.0364670000,0.290000,"Radial Velocity"
"Kepler-1921 c","Kepler-1921",3.15722086000,0.0454000000,1.251000,"Transit"
"TOI-5292 A b","TOI-5292 A",2.02191000000,0.0279000000,0.596000,"Transit"
"TOI-1883 b","TOI-1883",4.50800000000,0.0423000000,0.495000,"Transit"
"TOI-1272 b","TOI-1272",3.31597650000,0.0410000000,0.828000,"Transit"
"TOI-1694 c","TOI-1694",386.25000000000,0.9740000000,0.828000,"Radial Velocity"
"DMPP-7 b","DMPP-7",4.92666000000,0.0607000000,1.230000,"Radial Velocity"
"K2-99 c","K2-99",522.20000000000,1.4300000000,1.440000,"Radial Velocity"
"TOI-1064 b","TOI-1064",6.44386800000,0.0615200000,0.748000,"Transit"
"HD 27894 d","HD 27894",5019.54244000000,5.3620000000,0.810000,"Radial Velocity"
"Kepler-186 e","Kepler-186",22.40770400000,0.1100000000,0.478000,"Transit"
"Kepler-1987 d","Kepler-1987",5.64491415400,0.0571000000,0.799000,"Transit"
"HD 29021 b","HD 29021",1365.00000000000,2.2940000000,0.860000,"Radial Velocity"
"Kepler-42 b","Kepler-42",1.21376720000,0.0116000000,0.130000,"Transit"
"HD 75302 b","HD 75302",4356.00000000000,5.3000000000,1.060000,"Radial Velocity"
"Kepler-44 b","Kepler-44",3.24672930000,0.0446000000,1.120000,"Transit"
"Kepler-425 b","Kepler-425",3.79701816000,0.0464000000,0.930000,"Transit"
"KOI-984 c","KOI-984",21.51200000000,0.1467000000,0.928000,"Transit Timing Variations"
"HD 156098 c","HD 156098",7841.58390000000,8.4150000000,1.290000,"Radial Velocity"
"HD 142 b","HD 142",351.43394000000,1.0390000000,1.210000,"Radial Velocity"
"HD 173416 b","HD 173416",322.03000000000,1.1580000000,2.000000,"Radial Velocity"
"Kepler-111 c","Kepler-111",224.77833000000,0.7510000000,1.118000,"Transit"
"HATS-52 b","HATS-52",1.36665436000,0.0249800000,1.111000,"Transit"
"HD 32963 b","HD 32963",2372.00000000000,3.4100000000,0.940000,"Radial Velocity"
"HIP 55507 b","HIP 55507",5138.43727000000,5.0620000000,0.650000,"Radial Velocity"
"HD 1690 b","HD 1690",533.00000000000,1.3600000000,1.860000,"Radial Velocity"
"TOI-2498 b","TOI-2498",3.73825200000,0.0491000000,1.120000,"Transit"
"HD 29399 b","HD 29399",892.70000000000,1.9130000000,1.170000,"Radial Velocity"
"WASP-1 b","WASP-1",2.51994540000,0.0388900000,1.240000,"Transit"
"HD 151450 b","HD 151450",21.89288000000,0.1600000000,1.140000,"Radial Velocity"
"K2-136 b","K2-136",7.97525000000,0.0707000000,0.742000,"Transit"
"K2-136 c","K2-136",17.30723000000,0.1185000000,0.742000,"Transit"
"HD 18143 c","HD 18143",28982.41764000000,17.5300000000,0.850000,"Radial Velocity"
"LHS 1678 d","LHS 1678",4.96522290000,0.0400000000,0.345000,"Transit"
"WASP-157 b","WASP-157",3.95162300000,0.0499000000,1.060000,"Transit"
"Kepler-93 b","Kepler-93",4.72673978000,0.0534300000,0.911000,"Transit"
"HD 106270 b","HD 106270",1888.00000000000,3.3400000000,1.390000,"Radial Velocity"
"TOI-220 b","TOI-220",10.69526400000,0.0891100000,0.825000,"Transit"
"HD 2638 b","HD 2638",3.44420000000,0.0400000000,0.770000,"Radial Velocity"
"HD 39194 c","HD 39194",14.03090000000,0.1083000000,0.860000,"Radial Velocity"
"K2-151 b","K2-151",3.83547600000,0.0373000000,0.470000,"Transit"
"HIP 54373 b","HIP 54373",7.76000000000,0.0630000000,0.570000,"Radial Velocity"
"Kepler-426 b","Kepler-426",3.21751883000,0.0414000000,0.910000,"Transit"
"TOI-6054.02","TOI-6054",12.56363600000,0.1079000000,1.107000,"Transit"
"TOI-5795 b","TOI-5795",6.14063250000,0.0640000000,0.901000,"Transit"
"HS Psc b","HS Psc",3.98600000000,0.0435000000,0.690000,"Radial Velocity"
"TOI-1443 b","TOI-1443",23.54067800000,0.1470000000,0.766300,"Transit"
"HD 134606 f","HD 134606",26.91500000000,0.1784000000,1.046000,"Radial Velocity"
"Kepler-784 c","Kepler-784",17.15723600000,0.1309000000,1.016000,"Transit"
"Teegarden's Star d","Teegarden's Star",26.13000000000,0.0791000000,0.097000,"Radial Velocity"
"OGLE-TR-132 b","OGLE-TR-132",1.68986800000,0.0303500000,1.305000,"Transit"
"TOI-4342 c","TOI-4342",10.68866200000,0.0804000000,0.587000,"Transit"
"Kepler-865 c","Kepler-865",6.20920207000,0.0610000000,0.782000,"Transit"
"K2-59 b","K2-59",20.69210000000,0.1354000000,0.774000,"Transit"
"TOI-5799 b","TOI-5799",4.16450700000,0.0348000000,0.325000,"Transit"
"HD 10975 b","HD 10975",283.80000000000,0.9500000000,1.410000,"Radial Velocity"
"HAT-P-20 b","HAT-P-20",2.87531700000,0.0361000000,0.756000,"Transit"
"TOI-1438 b","TOI-1438",5.13967000000,0.0553000000,0.876000,"Transit"
"HATS-3 b","HATS-3",3.54785100000,0.0485000000,1.209000,"Transit"
"HD 135694 b","HD 135694",15.92347556800,0.1246950000,1.020000,"Transit"
"HR 5183 b","HR 5183",27000.00000000000,18.0000000000,1.070000,"Radial Velocity"
"TOI-2295 c","TOI-2295",966.50000000000,2.0180000000,1.168000,"Radial Velocity"
"Kepler-1181 c","Kepler-1181",8.93484887000,0.0928000000,1.336000,"Transit"
"EPIC 220674823 c","EPIC 220674823",13.34060300000,0.1078000000,0.913000,"Transit"
"Kepler-1471 c","Kepler-1471",11.60448810000,0.0981000000,0.934000,"Transit"
"WASP-197 b","WASP-197",5.16722800000,0.0650000000,1.360000,"Transit"
"KELT-4 A b","KELT-4 A",2.98959320000,0.0431700000,1.201000,"Transit"
"KOBE-1 c","KOBE-1",29.67100000000,0.1607100000,0.629000,"Radial Velocity"
"WASP-94 B b","WASP-94 B",2.00839000000,0.0335000000,1.240000,"Radial Velocity"
"GJ 436 b","GJ 436",2.64388312000,0.0291000000,0.470000,"Radial Velocity"
"WASP-80 b","WASP-80",3.06785234000,0.0344000000,0.577000,"Transit"
"HATS-6 b","HATS-6",3.32527250000,0.0362300000,0.574000,"Transit"
"Kepler-10 c","Kepler-10",45.29430100000,0.2410000000,0.910000,"Transit"
"TOI-3261 b","TOI-3261",0.88313310000,0.0171400000,0.861000,"Transit"
"HD 180314 b","HD 180314",394.73000000000,1.4480000000,2.600000,"Radial Velocity"
"K2-57 b","K2-57",9.00730000000,0.0752000000,0.699000,"Transit"
"K2-28 b","K2-28",2.26045500000,0.0214000000,0.257000,"Transit"
"HD 67087 c","HD 67087",2374.00000000000,3.8600000000,1.360000,"Radial Velocity"
"HD 191939 f","HD 191939",2898.00000000000,3.7100000000,0.810000,"Radial Velocity"
"TOI-4465 b","TOI-4465",101.94054000000,0.4160000000,0.930000,"Transit"
"bet UMi b","bet UMi",522.30000000000,1.4000000000,1.400000,"Radial Velocity"
"TOI-907.01","TOI-907",4.58491290000,0.0552254810,1.069357,"Transit"
"NGTS-26 b","NGTS-26",4.51992790000,0.0490000000,0.960000,"Transit"
"HD 39091 b","HD 39091",2088.80000000000,3.2800000000,1.070000,"Radial Velocity"
"TOI-2322 b","TOI-2322",11.30717000000,0.0924000000,0.703000,"Transit"
"TOI-2322 c","TOI-2322",20.22552800000,0.1362000000,0.703000,"Transit"
"Kepler-103 c","Kepler-103",179.60978000000,0.6679000000,1.212000,"Transit"
"TOI-707 b","TOI-707",52.79918000000,0.2750000000,0.990000,"Transit"
"WASP-5 b","WASP-5",1.62842790000,0.0267000000,0.960000,"Transit"
"HD 7924 c","HD 7924",15.29900000000,0.1134000000,0.832000,"Radial Velocity"
"HD 183263 b","HD 183263",624.87404000000,1.4600000000,1.060000,"Radial Velocity"
"HD 171238 b","HD 171238",1515.00000000000,2.5180000000,0.920000,"Radial Velocity"
"HD 175541 b","HD 175541",298.43000000000,0.9750000000,1.390000,"Radial Velocity"
"HD 33142 b","HD 33142",330.00000000000,1.0740000000,1.520000,"Radial Velocity"
"HD 154672 b","HD 154672",163.94000000000,0.6000000000,1.180000,"Radial Velocity"
"K2-77 b","K2-77",8.20008440000,0.0753000000,0.847000,"Transit"
"K2-266 b","K2-266",0.65852400000,0.0130600000,0.686000,"Transit"
"TOI-2992 b","TOI-2992",3.00781200000,0.0434000000,1.210000,"Transit"
"24 Sex c","24 Sex",883.00000000000,2.0800000000,1.540000,"Radial Velocity"
"KELT-6 c","KELT-6",1276.00000000000,2.3900000000,1.126000,"Radial Velocity"
"NGTS-15 b","NGTS-15",3.27623000000,0.0441000000,0.995000,"Transit"
"BD+37 3172 b","BD+37 3172",1887.76000000000,4.6500000000,3.750000,"Radial Velocity"
"CoRoT-19 b","CoRoT-19",3.89713000000,0.0518000000,1.210000,"Transit"
"TOI-1194 b","TOI-1194",2.31064460000,0.0340000000,0.983500,"Transit"
"KELT-17 b","KELT-17",3.08017160000,0.0488100000,1.635000,"Transit"
"TOI-3919 b","TOI-3919",7.43323400000,0.0795000000,1.208000,"Transit"
"Kepler-65 d","Kepler-65",8.13123000000,0.0840000000,1.250000,"Transit"
"Kepler-1656 c","Kepler-1656",1919.00000000000,3.0530000000,1.030000,"Radial Velocity"
"K2-71 b","K2-71",6.98541000000,0.0559000000,0.477000,"Transit"
"TOI-3785 b","TOI-3785",4.67473730000,0.0430000000,0.520000,"Transit"
"KOI-351 d","KOI-351",59.73667000000,0.3200000000,1.200000,"Transit"
"TOI-837 b","TOI-837",8.32491130000,0.0888000000,1.142000,"Transit"
"TOI-4860 b","TOI-4860",1.52275910000,0.0180800000,0.340000,"Transit"
"NGTS-3 A b","NGTS-3 A",1.67537280000,0.0230000000,1.017000,"Transit"
"K2-174 b","K2-174",19.56230700000,0.1260000000,0.700000,"Transit"
"LHS 1903 d","LHS 1903",12.56628700000,0.0860400000,0.538000,"Transit"
"TOI-1201 b","TOI-1201",2.49198630000,0.0287000000,0.512000,"Transit"
"WASP-181 b","WASP-181",4.51950640000,0.0542700000,1.040000,"Transit"
"WASP-133 b","WASP-133",2.17642300000,0.0345000000,1.160000,"Transit"
"HATS-65 b","HATS-65",3.10516100000,0.0449700000,1.257000,"Transit"
"HD 35759 b","HD 35759",82.46700000000,0.3890000000,1.150000,"Radial Velocity"
"GJ 887 c","GJ 887",21.78400000000,0.1210000000,0.495000,"Radial Velocity"
"TOI-4458 b","TOI-4458",3.93937920000,0.0522000000,1.470000,"Transit"
"GJ 238 b","GJ 238",1.74469990000,0.0212300000,0.419300,"Transit"
"HIP 98599 b","HIP 98599",2656.00000000000,3.9600000000,1.190000,"Radial Velocity"
"Kepler-323 b","Kepler-323",1.67832800000,0.0277800000,1.015000,"Transit"
"Kepler-8 b","Kepler-8",3.52249910000,0.0474000000,1.213000,"Transit"
"Kepler-1610 c","Kepler-1610",44.98518850000,0.2323000000,0.825000,"Transit"
"Kepler-427 b","Kepler-427",10.29099400000,0.0910000000,0.960000,"Transit"
"TOI-3976 A b","TOI-3976 A",6.60766200000,0.0743000000,1.254000,"Transit"
"HD 191939 e","HD 191939",101.12000000000,0.4070000000,0.810000,"Radial Velocity"
"Kepler-1876 b","Kepler-1876",6.99205000000,0.0758000000,1.187000,"Transit"
"HD 224693 b","HD 224693",26.69040000000,0.1910000000,1.310000,"Radial Velocity"
"HD 457 b","HD 457",20324.58153000000,15.3690000000,1.150000,"Radial Velocity"
"TOI-469.01","TOI-469",13.63082050000,0.1110000000,0.901000,"Transit"
"HIP 65891 b","HIP 65891",1089.60000000000,2.8200000000,2.500000,"Radial Velocity"
"K2-184 b","K2-184",16.97801020000,0.1685000000,0.840000,"Transit"
"HD 63765 b","HD 63765",358.00000000000,0.9400000000,0.650000,"Radial Velocity"
"Kepler-438 b","Kepler-438",35.23319000000,0.1660000000,0.544000,"Transit"
"HD 27442 b","HD 27442",428.10000000000,1.2710000000,1.230000,"Radial Velocity"
"TOI-2485 b","TOI-2485",11.23479000000,0.1093000000,1.163000,"Transit"
"HD 73534 b","HD 73534",1750.00000000000,2.9900000000,1.160000,"Radial Velocity"
"HATS-50 b","HATS-50",3.82970150000,0.0504600000,1.168000,"Transit"
"HD 177565 b","HD 177565",44.50500000000,0.2460000000,1.000000,"Radial Velocity"
"K2-14 b","K2-14",8.36802000000,0.0627000000,0.470000,"Transit"
"TOI-470 b","TOI-470",12.19148000000,0.1190000000,0.870000,"Transit"
"TOI-2000 c","TOI-2000",9.12705500000,0.0878000000,1.082000,"Transit"
"HD 220689 b","HD 220689",2266.40000000000,3.3960000000,1.016000,"Radial Velocity"
"V830 Tau b","V830 Tau",4.92700000000,0.0570000000,1.000000,"Radial Velocity"
"HD 181433 d","HD 181433",6896.10000000000,6.7400000000,0.860000,"Radial Velocity"
"Kepler-41 b","Kepler-41",1.85555820000,0.0310100000,1.150000,"Transit"
"TOI-1268 b","TOI-1268",8.15770940000,0.0711000000,0.960000,"Transit"
"Kepler-68 b","Kepler-68",5.39875259000,0.0613500000,1.057000,"Transit"
"GJ 1061 d","GJ 1061",13.06600000000,0.0540000000,0.120000,"Radial Velocity"
"TOI-375 b","TOI-375",9.45469000000,0.0990000000,1.441000,"Transit"
"WASP-153 b","WASP-153",3.33260900000,0.0480000000,1.336000,"Transit"
"K2-124 b","K2-124",6.41365100000,0.0490000000,0.390000,"Transit"
"TOI-201 d","TOI-201",5.84889000000,0.0698000000,1.320000,"Transit"
"K2-413 b","K2-413",0.80940000000,0.0117000000,0.808000,"Transit"
"TOI-6002 b","TOI-6002",10.90482100000,0.0572200000,0.210100,"Transit"
"TOI-1798.01","TOI-1798",8.02152233100,0.0749840000,0.870000,"Transit"
"TOI-5398 b","TOI-5398",10.59054700000,0.0980000000,1.146000,"Transit"
"TOI-871 b","TOI-871",14.36256500000,0.1054000000,0.758000,"Transit"
"BD-13 2130 b","BD-13 2130",714.29999000000,1.6600000000,2.120000,"Radial Velocity"
"eps CrB b","eps CrB",417.90000000000,1.3000000000,1.700000,"Radial Velocity"
"GJ 3470 b","GJ 3470",3.33664960000,0.0355000000,0.539000,"Radial Velocity"
"GJ 1002 b","GJ 1002",10.34650000000,0.0457000000,0.120000,"Radial Velocity"
"HD 4203 b","HD 4203",431.88000000000,1.1700000000,1.250000,"Radial Velocity"
"TOI-2421 b","TOI-2421",4.34740320000,0.0543000000,1.131000,"Transit"
"HATS-54 b","HATS-54",2.54417650000,0.0370000000,1.050000,"Transit"
"HD 69830 b","HD 69830",8.66700000000,0.0785000000,0.860000,"Radial Velocity"
"Kepler-296 c","Kepler-296",5.84163660000,0.0521000000,0.498000,"Transit"
"GJ 9689 b","GJ 9689",18.27000000000,0.1139000000,0.590000,"Radial Velocity"
"GJ 27.1 b","GJ 27.1",15.81900000000,0.1010000000,0.530000,"Radial Velocity"
"HIP 54515 b","HIP 54515",33000.00000000000,24.8000000000,1.900000,"Imaging"
"KELT-20 b","KELT-20",3.47410850000,0.0542000000,1.760000,"Transit"
"K2-18 c","K2-18",8.96200000000,0.0600000000,0.359000,"Radial Velocity"
"K2-104 b","K2-104",1.97419540000,0.0242000000,0.510000,"Transit"
"HAT-P-59 b","HAT-P-59",4.14197710000,0.0506400000,1.008000,"Transit"
"Kepler-80 e","Kepler-80",4.64489000000,0.0491000000,0.730000,"Transit"
"TOI-481 b","TOI-481",10.33111000000,0.0970000000,1.140000,"Transit"
"Kepler-422 b","Kepler-422",7.89144830000,0.0820000000,1.150000,"Transit"
"HD 13167 b","HD 13167",2613.00000000000,4.1000000000,1.350000,"Radial Velocity"
"HD 20782 b","HD 20782",597.06430000000,1.3649000000,1.040000,"Radial Velocity"
"HATS-9 b","HATS-9",1.91529100000,0.0312000000,1.100000,"Transit"
"Kepler-444 b","Kepler-444",3.60010530000,0.0417800000,0.758000,"Transit"
"K2-12 b","K2-12",8.28246000000,0.0792000000,0.965000,"Transit"
"EPIC 249893012 b","EPIC 249893012",3.59510000000,0.0470000000,1.050000,"Transit"
"WASP-172 b","WASP-172",5.47743300000,0.0694000000,1.490000,"Transit"
"HATS-51 b","HATS-51",3.34887020000,0.0463900000,1.187000,"Transit"
"K2-21 c","K2-21",15.50192000000,0.1070000000,0.676023,"Transit"
"GJ 685 b","GJ 685",24.16000000000,0.1344000000,0.550000,"Radial Velocity"
"HATS-44 b","HATS-44",2.74390040000,0.0364900000,0.860000,"Transit"
"BD+48 738 b","BD+48 738",392.60000000000,1.0000000000,0.740000,"Radial Velocity"
"HD 11505 b","HD 11505",32669.22247000000,20.2470000000,1.030000,"Radial Velocity"
"HD 108341 b","HD 108341",1129.00000000000,2.0000000000,0.843000,"Radial Velocity"
"Kepler-30 b","Kepler-30",29.33434000000,0.1800000000,0.990000,"Transit"
"HD 114386 c","HD 114386",444.00000000000,1.0500000000,0.800000,"Radial Velocity"
"HD 89839 b","HD 89839",3391.20000000000,4.7130000000,1.210000,"Radial Velocity"
"HD 93083 b","HD 93083",144.72000000000,0.5080000000,0.836000,"Radial Velocity"
"Teegarden's Star b","Teegarden's Star",4.90634000000,0.0259000000,0.097000,"Radial Velocity"
"HD 179949 b","HD 179949",3.09251400000,0.0443000000,1.210000,"Radial Velocity"
"CoRoT-2 b","CoRoT-2",1.74299350000,0.0279800000,0.960000,"Transit"
"TOI-1273 b","TOI-1273",4.63129600000,0.0549000000,1.060000,"Transit"
"TOI-375 d","TOI-375",297.90000000000,0.9840000000,1.441000,"Radial Velocity"
"NGTS-2 b","NGTS-2",4.51116400000,0.0630000000,1.640000,"Transit"
"WASP-164 b","WASP-164",1.77712550000,0.0281800000,0.946000,"Transit"
"K2-18 b","K2-18",32.93962300000,0.1429000000,0.359000,"Transit"
"K2-155 b","K2-155",6.34200000000,0.0562000000,0.650000,"Transit"
"TOI-4666 b","TOI-4666",2.90891650000,0.0340000000,0.576000,"Transit"
"HD 140901 c","HD 140901",14386.00000000000,11.8000000000,1.060000,"Radial Velocity"
"HD 184010 b","HD 184010",286.60000000000,0.9400000000,1.350000,"Radial Velocity"
"TOI-1752 b","TOI-1752",0.93518610000,0.0162400000,0.524000,"Transit"
"TOI-733 b","TOI-733",4.88476500000,0.0618000000,0.956000,"Transit"
"HD 207897 b","HD 207897",16.20166000000,0.1170000000,0.820800,"Transit"
"HD 13808 c","HD 13808",53.75300000000,0.2554000000,0.771000,"Radial Velocity"
"K2-224 b","K2-224",4.47904000000,0.0516000000,0.910000,"Transit"
"Kepler-1984 b","Kepler-1984",1.99281233900,0.0238000000,0.450000,"Transit"
"K2-6 b","K2-6",30.94191000000,0.1898000000,0.970000,"Transit"
"K2-2016-BLG-0005L b","K2-2016-BLG-0005L",4700.00000000000,4.1600000000,0.584000,"Microlensing"
"Kepler-33 b","Kepler-33",5.66793000000,0.0677000000,1.291000,"Transit"
"EPIC 211822797 b","EPIC 211822797",21.17019630000,0.1195000000,0.620000,"Transit"
"PSR B0329+54 b","PSR B0329+54",10140.00000000000,10.2600000000,1.440000,"Pulsar Timing"
"HATS-69 b","HATS-69",2.22525770000,0.0321100000,0.892000,"Transit"
"HD 141399 d","HD 141399",1069.80000000000,2.0900000000,1.070000,"Radial Velocity"
"HD 187123 b","HD 187123",3.09658280000,0.0426000000,1.040000,"Radial Velocity"
"HD 20868 b","HD 20868",380.85001000000,0.9500000000,0.390000,"Radial Velocity"
"WASP-65 b","WASP-65",2.31142430000,0.0334000000,0.930000,"Transit"
"Kepler-27 c","Kepler-27",31.33090000000,0.1910000000,0.650000,"Transit"
"HD 148164 c","HD 148164",5062.00000000000,6.1500000000,1.210000,"Radial Velocity"
"K2-261 b","K2-261",11.63346810000,0.1086000000,1.107000,"Transit"
"GJ 3998 c","GJ 3998",13.72700000000,0.0900000000,0.520000,"Radial Velocity"
"WASP-149 b","WASP-149",1.33281300000,0.0240000000,1.050000,"Transit"
"HD 219134 d","HD 219134",46.85900000000,0.2370000000,0.810000,"Radial Velocity"
"HD 70573 b","HD 70573",851.80000000000,1.7600000000,1.000000,"Radial Velocity"
"HD 143811 AB b","HD 143811 A",117000.00000000000,63.0000000000,1.320000,"Imaging"
"CoRoT-10 b","CoRoT-10",13.24060000000,0.1055000000,0.890000,"Transit"
"KOI-351 b","KOI-351",7.00815100000,0.0740000000,1.200000,"Transit"
"HATS-60 b","HATS-60",3.56082900000,0.0470800000,1.097000,"Transit"
"HATS-14 b","HATS-14",2.76676410000,0.0381500000,0.967000,"Transit"
"HD 81040 b","HD 81040",1002.70000000000,1.9460000000,0.990000,"Radial Velocity"
"HD 168863 b","HD 168863",14773.93272000000,10.9610000000,0.800000,"Radial Velocity"
"HAT-P-32 b","HAT-P-32",2.15000820000,0.0339700000,1.132000,"Transit"
"psi1 Dra B b","psi1 Dra B",3117.00000000000,4.4300000000,1.190000,"Radial Velocity"
"WASP-166 b","WASP-166",5.44354000000,0.0641000000,1.190000,"Transit"
"HD 106315 b","HD 106315",9.55237000000,0.0907000000,1.091000,"Transit"
"HD 106315 c","HD 106315",21.05704000000,0.1536000000,1.091000,"Transit"
"K2-107 b","K2-107",3.31395900000,0.0475000000,1.300000,"Transit"
"BD+45 564 b","BD+45 564",307.88000000000,0.8300000000,0.810000,"Radial Velocity"
"Qatar-5 b","Qatar-5",2.87923190000,0.0412700000,1.128000,"Transit"
"TOI-5713 b","TOI-5713",10.44198900000,0.0600800000,0.265300,"Transit"
"HIP 90988 b","HIP 90988",455.73816000000,1.3600000000,1.613000,"Radial Velocity"
"Kepler-107 b","Kepler-107",3.18002180000,0.0454400000,1.238000,"Transit"
"TOI-4515 b","TOI-4515",15.26644600000,0.1180000000,0.949000,"Transit"
"TOI-2267 b","TOI-2267 A",2.28909000000,0.0205000000,0.171000,"Transit"
"HD 360 b","HD 360",273.10000000000,0.9800000000,1.690000,"Radial Velocity"
"HIP 5158 b","HIP 5158",345.72000000000,0.8900000000,0.780000,"Radial Velocity"
"XO-2 S b","XO-2 S",18.22000000000,0.1347000000,0.980000,"Radial Velocity"
"HD 76920 b","HD 76920",415.89100000000,1.0910000000,1.000000,"Radial Velocity"
"K2-285 c","K2-285",7.13804800000,0.0824000000,0.830000,"Transit"
"TOI-333 b","TOI-333",3.78525030000,0.0490000000,1.200000,"Transit"
"K2-8 b","K2-8",10.35239000000,0.0856000000,0.780000,"Transit"
"TOI-2005 b","TOI-2005",17.30590400000,0.1600000000,1.590000,"Transit"
"K2-155 d","K2-155",40.71800000000,0.1937000000,0.650000,"Transit"
"HD 238090 b","HD 238090",13.67100000000,0.0932000000,0.578000,"Radial Velocity"
"HD 192699 b","HD 192699",340.94000000000,1.0630000000,1.380000,"Radial Velocity"
"Kepler-347 d","Kepler-347",85.51734400000,0.3802000000,1.000000,"Transit"
"TOI-6130 b","TOI-6130",2.39267900000,0.0360000000,1.310000,"Transit"
"HATS-57 b","HATS-57",2.35062100000,0.0349300000,1.026000,"Transit"
"HIP 66074 b","HIP 66074",310.90000000000,0.7990000000,0.705000,"Astrometry"
"TrES-3 b","TrES-3",1.30618581000,0.0228200000,0.928000,"Transit"
"TOI-3288 b","TOI-3288",1.43386470000,0.0228500000,0.643000,"Transit"
"HD 108147 b","HD 108147",10.89850000000,0.1020000000,1.220000,"Radial Velocity"
"TOI-5799 c","TOI-5799",14.01044900000,0.0782000000,0.325000,"Transit"
"Kepler-68 d","Kepler-68",632.62000000000,1.4690000000,1.057000,"Radial Velocity"
"TOI-375 c","TOI-375",115.50000000000,0.5240000000,1.441000,"Radial Velocity"
"TOI-1260 b","TOI-1260",3.12746300000,0.0367000000,0.679000,"Transit"
"HD 103197 b","HD 103197",47.84000000000,0.2500000000,0.800000,"Radial Velocity"
"HIP 67537 b","HIP 67537",2523.64713000000,4.8070000000,2.316000,"Radial Velocity"
"Kepler-62 f","Kepler-62",267.29100000000,0.7180000000,0.690000,"Transit"
"BD-14 3065 b","BD-14 3065 A",4.28897310000,0.0656000000,1.410000,"Transit"
"TOI-1279 b","TOI-1279",9.61419000000,0.0850000000,0.878400,"Transit"
"TOI-1184 b","TOI-1184",5.74843380300,0.0560270000,0.710000,"Transit"
"Kepler-66 b","Kepler-66",17.81581500000,0.1352000000,1.038000,"Transit"
"HD 158996 b","HD 158996",820.20000000000,2.1000000000,1.800000,"Radial Velocity"
"K2-117 c","K2-117",5.44401700000,0.0492000000,0.540000,"Transit"
"HD 16141 b","HD 16141",75.52300000000,0.3600000000,1.110000,"Radial Velocity"
"HD 15906 b","HD 15906",10.92470900000,0.0900000000,0.790000,"Transit"
"Kepler-19 b","Kepler-19",9.28699000000,0.0846000000,0.936000,"Transit"
"HD 98736 b","HD 98736",968.80000000000,1.8640000000,0.920000,"Radial Velocity"
"TOI-6383 A b","TOI-6383 A",1.79058695000,0.0229200000,0.458000,"Transit"
"HD 48265 c","HD 48265",10418.00000000000,10.4000000000,1.380000,"Radial Velocity"
"HD 98219 b","HD 98219",433.80000000000,1.2600000000,1.410000,"Radial Velocity"
"HAT-P-9 b","HAT-P-9",3.92281072000,0.0528700000,1.281000,"Transit"
"TOI-2537 c","TOI-2537",1920.00000000000,2.7800000000,0.771000,"Radial Velocity"
"Kepler-129 d","Kepler-129",2646.00000000000,4.0000000000,1.178000,"Radial Velocity"
"Kepler-87 b","Kepler-87",114.73635000000,0.4810000000,1.100000,"Transit"
"LHS 1903 e","LHS 1903",29.31773000000,0.1513500000,0.538000,"Transit"
"Kepler-74 b","Kepler-74",7.34071100000,0.0781000000,1.180000,"Transit"
"TOI-1842 b","TOI-1842",9.57391810000,0.1000000000,1.464300,"Transit"
"HD 115954 b","HD 115954",3700.00000000000,5.0000000000,1.180000,"Radial Velocity"
"K2-98 b","K2-98",10.13673490000,0.0986000000,1.246000,"Transit"
"K2-290 c","K2-290",48.36685000000,0.3050000000,1.194000,"Transit"
"GJ 724 b","GJ 724",5.10128400000,0.0468500000,0.527100,"Radial Velocity"
"TOI-2266 b","TOI-2266",2.32631800000,0.0200000000,0.230000,"Transit"
"K2-211 b","K2-211",0.66956100000,0.0141900000,0.851000,"Transit"
"TOI-2136 b","TOI-2136",7.85192800000,0.0570000000,0.340000,"Transit"
"K2-265 b","K2-265",2.36902000000,0.0335900000,0.901000,"Transit"
"KELT-1 b","KELT-1",1.21751400000,0.0246600000,1.335000,"Transit"
"Kepler-1991 b","Kepler-1991",13.26079792000,0.1065000000,0.914000,"Transit"
"WASP-174 b","WASP-174",4.23370050000,0.0550300000,1.240000,"Transit"
"HIP 29442 c","TOI-469",3.53795590000,0.0451800000,0.901000,"Radial Velocity"
"TOI-4479 b","TOI-4479",1.15890000000,0.0164000000,0.452000,"Transit"
"TOI-444 b","TOI-444",17.96360000000,0.1330000000,0.960000,"Transit"
"xi Aql b","xi Aql",136.97000000000,0.6250000000,1.740000,"Radial Velocity"
"HD 715 b","HD 715",56.40000000000,0.3360000000,1.600000,"Transit"
"HD 75898 b","HD 75898",422.82000000000,1.2025000000,1.295000,"Radial Velocity"
"HD 203387 b","HD 203387",512.53520000000,1.7710000000,2.817000,"Radial Velocity"
"K2-326 b","K2-326",1.25600000000,0.0198000000,0.507000,"Transit"
"HD 5319 b","HD 5319",637.10000000000,1.5700000000,1.270000,"Radial Velocity"
"HATS-76 b","HATS-76",1.94164230000,0.0265800000,0.662000,"Transit"
"Kepler-896 c","Kepler-896",29.54225660000,0.1792000000,0.877000,"Transit"
"OGLE-2018-BLG-0740L b","OGLE-2018-BLG-0740L",5480.00000000000,5.0000000000,1.000000,"Microlensing"
"HD 148164 b","HD 148164",328.55000000000,0.9930000000,1.210000,"Radial Velocity"
"HATS-56 b","HATS-56",4.32479900000,0.0604300000,1.573000,"Transit"
"GJ 357 c","GJ 357",9.12470000000,0.0610000000,0.342000,"Radial Velocity"
"GJ 357 d","GJ 357",55.66100000000,0.2040000000,0.342000,"Radial Velocity"
"HD 33142 d","HD 33142",89.90000000000,0.4520000000,1.520000,"Radial Velocity"
"WASP-119 b","WASP-119",2.49979000000,0.0363000000,1.020000,"Transit"
"WASP-178 b","WASP-178",3.34482850000,0.0558000000,2.070000,"Transit"
"WASP-39 b","WASP-39",4.05529410000,0.0482800000,0.913000,"Transit"
"HD 1605 b","HD 1605",577.20000000000,1.4920000000,1.330000,"Radial Velocity"
"K2-270 b","K2-270",1.54306900000,0.0247000000,0.850000,"Transit"
"HD 63454 b","HD 63454",2.81805000000,0.0400000000,0.420000,"Radial Velocity"
"HD 103720 b","HD 103720",4.55570000000,0.0498000000,0.794000,"Radial Velocity"
"HD 45350 b","HD 45350",963.60000000000,1.9200000000,0.980000,"Radial Velocity"
"SWEEPS-11 b","SWEEPS-11",1.79600000000,0.0300000000,1.100000,"Transit"
"DE CVn b","DE CVn",4098.10000000000,5.7500000000,0.510000,"Eclipse Timing Variations"
"HD 50554 b","HD 50554",1240.00000000000,2.3390000000,1.100000,"Radial Velocity"
"HD 50554 d","HD 50554",28.06940000000,0.1831000000,1.040000,"Transit"
"TOI-3053 b","TOI-3053",2.99199870000,0.0390000000,0.960000,"Transit"
"TOI-125 b","TOI-125",4.65382000000,0.0518600000,0.859000,"Transit"
"TOI-125 c","TOI-125",9.15059000000,0.0814000000,0.859000,"Transit"
"TOI-125 d","TOI-125",19.98000000000,0.1370000000,0.859000,"Transit"
"HATS-48 A b","HATS-48 A",3.13166660000,0.0376900000,0.727900,"Transit"
"HATS-72 b","HATS-72",7.32794740000,0.0665170000,0.731100,"Transit"
"NGTS-11 b","NGTS-11",35.45533000000,0.2010000000,0.862000,"Transit"
"NGTS-12 b","NGTS-12",7.53280600000,0.0757000000,1.021000,"Transit"
"K2-295 b","K2-295",4.02486700000,0.0451000000,0.740000,"Transit"
"TOI-206 b","TOI-206",0.73631040000,0.0112000000,0.350000,"Transit"
"gam Psc b","gam Psc",555.10000000000,1.3200000000,0.990000,"Radial Velocity"
"HD 168746 b","HD 168746",6.40400000000,0.0700000000,1.070000,"Radial Velocity"
"HD 219828 b","HD 219828",3.83483000000,0.0490000000,1.040000,"Radial Velocity"
"HD 5891 b","HD 5891",177.11000000000,0.6400000000,1.930000,"Radial Velocity"
"TOI-2458 b","TOI-2458",3.73659000000,0.0482000000,1.050000,"Transit"
"K2-260 b","K2-260",2.62669762000,0.0439200000,1.637000,"Transit"
"HD 180617 b","HD 180617",105.91100000000,0.3430000000,0.484000,"Radial Velocity"
"HATS-59 b","HATS-59",5.41608100000,0.0611200000,1.038000,"Transit"
"GJ 536 b","GJ 536",8.70874000000,0.0668000000,0.528000,"Radial Velocity"
"K2-123 b","K2-123",30.95152400000,0.1649000000,0.620000,"Transit"
"TOI-6038 A b","TOI-6038 A",5.82673110000,0.0690000000,1.291000,"Transit"
"HD 56414 b","HD 56414",29.04992000000,0.2290000000,1.890000,"Transit"
"K2-130 b","K2-130",2.49412000000,0.0320000000,0.695630,"Transit"
"Kepler-430 b","Kepler-430",35.96800000000,0.2244000000,1.166000,"Transit"
"K2-322 b","K2-322",8.20500000000,0.0594000000,0.630000,"Transit"
"HD 86226 b","HD 86226",1628.00000000000,2.7300000000,1.019000,"Radial Velocity"
"WD 1856+534 b","WD 1856+534",1.40794050000,0.0204000000,0.518000,"Transit"
"LTT 9779 b","LTT 9779",0.79205200000,0.0167900000,1.020000,"Transit"
"TOI-824 b","TOI-824",1.39297800000,0.0217700000,0.710000,"Transit"
"GJ 3473 c","GJ 3473",15.50900000000,0.0876000000,0.360000,"Radial Velocity"
"WASP-127 b","WASP-127",4.17806203000,0.0484000000,0.950000,"Transit"
"55 Cnc e","55 Cnc",0.73654740000,0.0154400000,0.905000,"Radial Velocity"
"WASP-139 b","WASP-139",5.92426200000,0.0620000000,0.920000,"Transit"
"K2-287 b","K2-287",14.89329100000,0.1206000000,1.056000,"Transit"
"GJ 3473 b","GJ 3473",1.19800350000,0.0158900000,0.360000,"Transit"
"Kepler-12 b","Kepler-12",4.43796290000,0.0553000000,1.166000,"Transit"
"HD 86226 c","HD 86226",3.98442000000,0.0490000000,1.019000,"Transit"
"TOI-1231 b","TOI-1231",24.24558600000,0.1288000000,0.485000,"Transit"
"TOI-674 b","TOI-674",1.97714300000,0.0250000000,0.420000,"Transit"
"TOI-431 b","TOI-431",0.49004700000,0.0113000000,0.780000,"Transit"
"TOI-431 c","TOI-431",4.84940000000,0.0520000000,0.780000,"Radial Velocity"
"TOI-431 d","TOI-431",12.46103000000,0.0980000000,0.780000,"Transit"
"TRAPPIST-1 b","TRAPPIST-1",1.51082600000,0.0115400000,0.089800,"Transit"
"TRAPPIST-1 c","TRAPPIST-1",2.42193700000,0.0158000000,0.089800,"Transit"
"TRAPPIST-1 d","TRAPPIST-1",4.04921900000,0.0222700000,0.089800,"Transit"
"TRAPPIST-1 e","TRAPPIST-1",6.10101300000,0.0292500000,0.089800,"Transit"
"TRAPPIST-1 f","TRAPPIST-1",9.20754000000,0.0384900000,0.089800,"Transit"
"TRAPPIST-1 g","TRAPPIST-1",12.35244600000,0.0468300000,0.089800,"Transit"
"TRAPPIST-1 h","TRAPPIST-1",18.77286600000,0.0618900000,0.089800,"Transit"
"K2-34 b","K2-34",2.99563480000,0.0442000000,1.160000,"Transit"
"TOI-1442 b","TOI-1442",0.40906770000,0.0071000000,0.290000,"Transit"
"TOI-2260 b","TOI-2260",0.35247280000,0.0097000000,0.990000,"Transit"
"TOI-2445 b","TOI-2445",0.37112810000,0.0064000000,0.250000,"Transit"
"TOI-2109 b","TOI-2109",0.67247414000,0.0179100000,1.453000,"Transit"
"HATS-75 b","HATS-75",2.78865560000,0.0327420000,0.601700,"Transit"
"LTT 1445 A c","LTT 1445 A",3.12390350000,0.0266100000,0.257000,"Transit"
"WASP-18 b","WASP-18",0.94145223000,0.0202400000,1.294000,"Transit"
"WASP-19 b","WASP-19",0.78883852000,0.0165200000,0.965000,"Transit"
"WASP-189 b","WASP-189",2.72403300000,0.0505300000,2.030000,"Transit"
"TOI-1670 b","TOI-1670",10.98462000000,0.1030000000,1.210000,"Transit"
"TOI-1670 c","TOI-1670",40.74976000000,0.2490000000,1.210000,"Transit"
"GJ 3929 b","GJ 3929",2.61623500000,0.0252000000,0.313000,"Transit"
"GJ 3929 c","GJ 3929",15.04000000000,0.0810000000,0.313000,"Radial Velocity"
"TOI-500 b","TOI-500",0.54817700000,0.0118900000,0.740000,"Transit"
"HD 260655 b","HD 260655",2.76953000000,0.0293300000,0.439000,"Transit"
"HD 260655 c","HD 260655",5.70588000000,0.0474900000,0.439000,"Transit"
"TOI-3714 b","TOI-3714",2.15484900000,0.0270000000,0.530000,"Transit"
"Kepler-167 b","Kepler-167",4.39315390000,0.0482500000,0.777000,"Transit"
"Kepler-167 c","Kepler-167",7.40610600000,0.0684000000,0.777000,"Transit"
"Kepler-167 d","Kepler-167",21.80379000000,0.1404000000,0.777000,"Transit"
"Kepler-167 e","Kepler-167",1071.23205000000,1.8830000000,0.777000,"Transit"
"TOI-3757 b","TOI-3757",3.43875300000,0.0384500000,0.640000,"Transit"
"WASP-148 b","WASP-148",8.80380900000,0.0821500000,0.954000,"Transit"
"WASP-148 c","WASP-148",34.52400000000,0.2044000000,0.954000,"Radial Velocity"
"LP 890-9 b","LP 890-9",2.72990250000,0.0187500000,0.118000,"Transit"
"LP 890-9 c","LP 890-9",8.45746300000,0.0398400000,0.118000,"Transit"
"TOI-1075 b","TOI-1075",0.60473280000,0.0115900000,0.604000,"Transit"
"HD 20329 b","HD 20329",0.92611800000,0.0180000000,0.900000,"Transit"
"TOI-2525 b","TOI-2525",23.28560000000,0.1511000000,0.849000,"Transit"
"TOI-2525 c","TOI-2525",49.25190000000,0.2490000000,0.849000,"Transit"
"TOI-3235 b","TOI-3235",2.59261842000,0.0270900000,0.393900,"Transit"
"TOI-836 b","TOI-836",3.81673000000,0.0422000000,0.678000,"Transit"
"TOI-836.01","TOI-836",8.59545000000,0.0750000000,0.678000,"Transit"
"TOI-181 b","TOI-181",4.53200000000,0.0539000000,0.822000,"Transit"
"TOI-5205 b","TOI-5205",1.63075700000,0.0199000000,0.392000,"Transit"
"K2-141 b","K2-141",0.28032440000,0.0074700000,0.708000,"Transit"
"K2-141 c","K2-141",7.74850000000,0.0683000000,0.708000,"Transit"
"LP 791-18 b","LP 791-18",0.94799810000,0.0097800000,0.139000,"Transit"
"HD 207496 b","HD 207496",6.44100800000,0.0629000000,0.800000,"Transit"
"TOI-1416 b","TOI-1416",1.06975680000,0.0190000000,0.798000,"Transit"
"TOI-4010 b","TOI-4010",1.34833500000,0.0229000000,0.880000,"Transit"
"TOI-4010 c","TOI-4010",5.41465400000,0.0580000000,0.880000,"Transit"
"TOI-4010 d","TOI-4010",14.70886000000,0.1130000000,0.880000,"Transit"
"TOI-4010 e","TOI-4010",762.00000000000,1.5700000000,0.880000,"Radial Velocity"
"WASP-84 b","WASP-84",8.52349648000,0.0778000000,0.853000,"Transit"
"WASP-84 c","WASP-84",1.44688490000,0.0235900000,0.853000,"Transit"
"TOI-3984 A b","TOI-3984 A",4.35332600000,0.0410000000,0.490000,"Transit"
"TOI-5293 A b","TOI-5293 A",2.93028900000,0.0340000000,0.540000,"Transit"
"GJ 357 b","GJ 357",3.93060000000,0.0360000000,0.342000,"Transit"
"TOI-199 b","TOI-199",104.85400000000,0.4254000000,0.936000,"Transit"
"TOI-199 c","TOI-199",273.69000000000,0.8070000000,0.936000,"Transit Timing Variations"
"TOI-1420 b","TOI-1420",6.95610630000,0.0710000000,0.987000,"Transit"
"HD 110067 b","HD 110067",9.11367800000,0.0793000000,0.798000,"Transit"
"HD 110067 c","HD 110067",13.67369400000,0.1039000000,0.798000,"Transit"
"HD 110067 d","HD 110067",20.51961700000,0.1362000000,0.798000,"Transit"
"HD 110067 e","HD 110067",30.79309100000,0.1785000000,0.798000,"Transit"
"HD 110067 f","HD 110067",41.05854000000,0.2163000000,0.798000,"Transit"
"HD 110067 g","HD 110067",54.76992000000,0.2621000000,0.798000,"Transit"
"GJ 806 b","GJ 806",0.92632370000,0.0140600000,0.413000,"Transit"
"GJ 806 c","GJ 806",6.64064000000,0.0523000000,0.413000,"Radial Velocity"
"HAT-P-65 b","HAT-P-65",2.60544751000,0.0404200000,1.297000,"Transit"
"GJ 9827 b","GJ 9827",1.20897400000,0.0189000000,0.620000,"Transit"
"GJ 9827 c","GJ 9827",3.64810300000,0.0395000000,0.620000,"Transit"
"LTT 3780 b","LTT 3780",0.76837931000,0.0119500000,0.381000,"Transit"
"LTT 3780 c","LTT 3780",12.25228400000,0.0757000000,0.381000,"Transit"
"LHS 1140 b","LHS 1140",24.73723000000,0.0946000000,0.184400,"Transit"
"LHS 1140 c","LHS 1140",3.77794000000,0.0270000000,0.184400,"Transit"
"GJ 1214 b","GJ 1214",1.58040453100,0.0150500000,0.182000,"Transit"
"TOI-1136 b","TOI-1136",4.17270000000,0.0510600000,1.022000,"Transit"
"TOI-1136 c","TOI-1136",6.25740000000,0.0669000000,1.022000,"Transit"
"TOI-1136 d","TOI-1136",12.51990000000,0.1062000000,1.022000,"Transit"
"TOI-1136 f","TOI-1136",26.32100000000,0.1740000000,1.022000,"Transit"
"TOI-1136 g","TOI-1136",39.54500000000,0.2290000000,1.022000,"Transit"
"TOI-1899 b","TOI-1899",29.09031200000,0.1525000000,0.632000,"Transit"
"PH2 b","PH2",282.52542000000,0.8330000000,0.966000,"Transit"
"TOI-776 b","TOI-776",8.24662000000,0.0653000000,0.542000,"Transit"
"TOI-776 c","TOI-776",15.66532300000,0.1001000000,0.542000,"Transit"
"WASP-76 b","WASP-76",1.80988198000,0.0330000000,1.458000,"Transit"
"HIP 9618 b","HIP 9618",20.77285800000,0.1450000000,0.942000,"Transit"
"HIP 9618 c","HIP 9618",52.56363000000,0.2690000000,0.942000,"Transit"
"TOI-421 b","TOI-421",5.19757600000,0.0554000000,0.833000,"Transit"
"TOI-421 c","TOI-421",16.06754100000,0.1170000000,0.833000,"Transit"
"TOI-3884 b","TOI-3884",4.54458280000,0.0361000000,0.298000,"Transit"
"GJ 1132 b","GJ 1132",1.62892911000,0.0157000000,0.194500,"Transit"
"HIP 67522 b","HIP 67522",6.95947310000,0.0748000000,1.220000,"Transit"
"HIP 67522 c","HIP 67522",14.33489200000,0.1228000000,1.220000,"Transit"
"TOI-1823 b","TOI-1823",38.80000000000,0.2120000000,0.841400,"Transit"
"TOI-849 b","TOI-849",0.76554800000,0.0155000000,0.970000,"Transit"
"HD 63935 b","HD 63935",9.05880700000,0.0830000000,0.940600,"Transit"
"HD 63935 c","HD 63935",21.40270000000,0.1480000000,0.940600,"Radial Velocity"
"TOI-1807 b","TOI-1807",0.54937097000,0.0122000000,0.804800,"Transit"
"LTT 1445 A b","LTT 1445 A",5.35876350000,0.0381000000,0.257000,"Transit"
"GJ 9827 d","GJ 9827",6.20183000000,0.0530000000,0.620000,"Transit"
"GJ 486 b","GJ 486",1.46712127000,0.0171400000,0.312000,"Radial Velocity"
"L 168-9 b","L 168-9",1.40152604000,0.0208000000,0.614000,"Transit"
"TOI-1130 b","TOI-1130",4.07455400000,0.0453000000,0.745000,"Transit"
"TOI-1130 c","TOI-1130",8.35018980000,0.0731000000,0.745000,"Transit"
"IRAS 04125+2902 b","IRAS 04125+2902",8.83497800000,0.0770000000,0.700000,"Transit"
"WASP-12 b","WASP-12",1.09141890100,0.0234000000,1.325000,"Transit"
"TOI-561 b","TOI-561",0.44656970000,0.0106400000,0.806000,"Transit"
"TOI-561 c","TOI-561",10.77883800000,0.0889000000,0.806000,"Transit"
"TOI-561 d","TOI-561",25.71268000000,0.1587000000,0.806000,"Transit"
"TOI-561 e","TOI-561",77.14400000000,0.3300000000,0.806000,"Transit"
"HAT-P-11 b","HAT-P-11",4.88800000000,0.0525800000,0.811000,"Transit"
"HAT-P-11 c","HAT-P-11",3361.00000000000,4.1000000000,0.811000,"Radial Velocity"
"TOI-677 b","TOI-677",11.23659850000,0.1041000000,1.181000,"Transit"
"BD+05 4868 A b","BD+05 4868 A",1.27186900000,0.0208000000,0.700000,"Transit"
"WASP-131 b","WASP-131",5.32201250000,0.0608000000,1.060000,"Transit"
"TOI-771 b","TOI-771",2.32601550000,0.0208000000,0.220000,"Transit"
"TOI-771 c","TOI-771",7.61000000000,0.0460000000,0.220000,"Radial Velocity"
"WASP-77 A b","WASP-77 A",1.36002939500,0.0232336330,0.903000,"Transit"
"TOI-6894 b","TOI-6894",3.37077196000,0.0260400000,0.207000,"Transit"
"KELT-11 b","KELT-11",4.73620865000,0.0623000000,1.440000,"Transit"
"TOI-1468 b","TOI-1468",1.88052010000,0.0210700000,0.352700,"Transit"
"TOI-1468 c","TOI-1468",15.53247700000,0.0860800000,0.352700,"Transit"
"TOI-2031 A b","TOI-2031 A",5.71548654000,0.0660000000,1.174000,"Transit"
"L 98-59 b","L 98-59",2.25311400000,0.0223000000,0.292300,"Transit"
"L 98-59 c","L 98-59",3.69067640000,0.0309000000,0.292300,"Transit"
"L 98-59 d","L 98-59",7.45072900000,0.0494000000,0.292300,"Transit"
"L 98-59 e","L 98-59",12.82780000000,0.0712000000,0.292300,"Radial Velocity"
"L 98-59 f","L 98-59",23.06400000000,0.1052000000,0.292300,"Radial Velocity"
"WASP-69 b","WASP-69",3.86813881000,0.0453000000,0.830000,"Transit"
"TOI-6109 b","TOI-6109",5.69047600000,0.0599000000,1.030000,"Transit"
"TOI-6109 c","TOI-6109",8.53887800000,0.0786000000,1.030000,"Transit"
"55 Cnc B b","55 Cnc B",6.79940000000,0.0440000000,0.260000,"Radial Velocity"
"55 Cnc B c","55 Cnc B",33.74700000000,0.1300000000,0.260000,"Radial Velocity"
"55 Cnc b","55 Cnc",14.65155200000,0.1180000000,1.015000,"Radial Velocity"
"55 Cnc c","55 Cnc",44.39360000000,0.2470000000,1.015000,"Radial Velocity"
"55 Cnc d","55 Cnc",4799.00000000000,5.6000000000,1.015000,"Radial Velocity"
"55 Cnc f","55 Cnc",260.58000000000,0.8020000000,1.015000,"Radial Velocity"
"TOI-1685 b","TOI-1685",0.66913923000,0.0116400000,0.466000,"Transit"
"WASP-193 b","WASP-193",6.24634750000,0.0668000000,1.018000,"Transit"
"WASP-121 b","WASP-121",1.27492504000,0.0257100000,1.330000,"Transit"
"HD 80606 b","HD 80606",111.43676500000,0.4603000000,1.050000,"Radial Velocity"
"GJ 3090 b","GJ 3090",2.85310198000,0.0316000000,0.519000,"Transit"
"GJ 3090 c","GJ 3090",15.94070000000,0.0997000000,0.519000,"Radial Velocity"
"V1298 Tau b","V1298 Tau",24.14000600000,0.1685000000,1.100000,"Transit"
"V1298 Tau c","V1298 Tau",8.24916400000,0.0824000000,1.100000,"Transit"
"V1298 Tau d","V1298 Tau",12.40139400000,0.1081000000,1.100000,"Transit"
"V1298 Tau e","V1298 Tau",48.67771400000,0.2689000000,1.100000,"Transit"
"LP 791-18 c","LP 791-18",4.98991000000,0.0296100000,0.139000,"Transit"
"LP 791-18 d","LP 791-18",2.75485000000,0.0199200000,0.139000,"Transit"
"AU Mic b","AU Mic",8.46344600000,0.0700000000,0.635000,"Transit"
"AU Mic c","AU Mic",18.85902300000,0.1190000000,0.635000,"Transit"
"TOI-4336 A b","TOI-4336 A",16.33635100000,0.0849000000,0.306000,"Transit"
"TOI-4336 A c","TOI-4336 A",7.58726600000,0.0509200000,0.306000,"Transit"
"TOI-451 b","TOI-451",1.85870330000,0.0274000000,0.930000,"Transit"
"TOI-451 c","TOI-451",9.19246300000,0.0795000000,0.930000,"Transit"
"TOI-451 d","TOI-451",16.36496200000,0.1168000000,0.930000,"Transit"
"TOI-2431 b","TOI-2431",0.22419578000,0.0063000000,0.661000,"Transit"
"TOI-2374 b","TOI-2374",4.31361930000,0.0481800000,0.802000,"Transit"
"TOI-2076 b","TOI-2076",10.35504000000,0.0878100000,0.849000,"Transit"
"TOI-2076 c","TOI-2076",21.01447000000,0.1407000000,0.849000,"Transit"
"TOI-2076 d","TOI-2076",35.12803000000,0.1982000000,0.849000,"Transit"
"TOI-2076 e","TOI-2076",3.02237530000,0.0386300000,0.849000,"Transit"
"LHS 3844 b","LHS 3844",0.46292970900,0.0062400000,0.151000,"Transit"
"TOI-260 b","TOI-260",13.47585300000,0.0943000000,0.616000,"Transit"
"KELT-9 b","KELT-9",1.48112350000,0.0336800000,2.320000,"Transit"
"TOI-2134 b","TOI-2134",9.22919800000,0.0780300000,0.744000,"Transit"
"TOI-2134 c","TOI-2134",95.85284000000,0.3715000000,0.744000,"Transit"
"HD 3167 b","HD 3167",0.95965451000,0.0181400000,0.864000,"Transit"
"HD 3167 c","HD 3167",29.84651100000,0.1794000000,0.864000,"Transit"
"HD 3167 d","HD 3167",8.39670000000,0.0770000000,0.864000,"Radial Velocity"
"HD 3167 e","HD 3167",91.90000000000,0.3797000000,0.864000,"Radial Velocity"
"TOI-700 b","TOI-700",9.97722000000,0.0678000000,0.417000,"Transit"
"TOI-700 c","TOI-700",16.05110390000,0.0931000000,0.417000,"Transit"
"TOI-700 d","TOI-700",37.42345700000,0.1642000000,0.417000,"Transit"
"TOI-700 e","TOI-700",27.81012400000,0.1336000000,0.417000,"Transit"
"K2-232 b","K2-232",11.16843770000,0.1016000000,1.121000,"Transit"
"K2-232 c","K2-232",1950.00000000000,3.1700000000,1.121000,"Radial Velocity"
"LHS 1478 b","LHS 1478",1.94953941000,0.0187200000,0.230100,"Transit"
"WASP-7 b","WASP-7",4.95464160000,0.0617000000,1.276000,"Transit"
"TOI-6158 b","TOI-6158",3.04468990000,0.0327500000,0.503000,"Transit"
"Kepler-18 b","Kepler-18",3.50472500000,0.0447000000,0.972000,"Transit"
"K2-113 b","K2-113",5.81768500000,0.0642000000,1.040000,"Transit"
"TOI-2000 b","TOI-2000",3.09833000000,0.0427100000,1.082000,"Transit"
"TOI-1749 d","TOI-1749",9.04970000000,0.0707000000,0.580000,"Transit"
"HD 50499 b","HD 50499",2447.10000000000,3.8330000000,1.253000,"Radial Velocity"
"Kepler-1999 b","Kepler-1999",8.73967580000,0.0713000000,0.632000,"Transit"
"TOI-1601 b","TOI-1601",5.33175000000,0.0690000000,1.505500,"Transit"
"K2-241 b","K2-241",26.81990000000,0.1567000000,0.710000,"Transit"
"HD 152843 b","HD 152843",11.62071000000,0.1049000000,1.150000,"Transit"
"HIP 81208 C b","HIP 81208 C",104100.00000000000,23.0400000000,0.135000,"Imaging"
"TOI-1439 b","TOI-1439",27.64400000000,0.1920000000,1.231300,"Transit"
"HD 28471 d","HD 28471",11.68100000000,0.1000000000,0.980000,"Radial Velocity"
"TOI-1630.01","TOI-1630",12.05573473300,0.1011510000,0.950000,"Transit"
"NGTS-21 b","NGTS-21",1.54338970000,0.0236000000,0.720000,"Transit"
"K2-264 b","K2-264",5.84000200000,0.0502300000,0.496000,"Transit"
"ups And d","ups And",1276.46000000000,2.5132900000,1.300000,"Radial Velocity"
"TIC 52059926 b","TIC 52059926",175.53200000000,0.5530000000,0.730000,"Transit"
"HD 167677 b","HD 167677",1820.00000000000,2.8770000000,0.960000,"Radial Velocity"
"HIP 63242 b","HIP 63242",124.60000000000,0.5650000000,1.540000,"Radial Velocity"
"WASP-135 b","WASP-135",1.40137940000,0.0243000000,0.980000,"Transit"
"K2-133 e","K2-133",26.58410000000,0.1346000000,0.461000,"Transit"
"TOI-1777.01","TOI-1777",14.65011197400,0.1194660000,1.060000,"Transit"
"TOI-7394 B b","TOI-7394 B",1.25299500000,0.0191300000,0.624000,"Transit"
"TOI-5811 B b","TOI-5811 B",6.25663000000,0.0731000000,1.080000,"Transit"
"BD+20 2457 c","BD+20 2457",621.99000000000,2.0100000000,2.800000,"Radial Velocity"
"HR 810 b","HR 810",302.79999000000,0.9200000000,1.340000,"Radial Velocity"
"K2-280 b","K2-280",19.89526000000,0.1461000000,1.030000,"Transit"
"K2-152 b","K2-152",32.64790000000,0.1716000000,0.630000,"Transit"
"HD 66141 b","HD 66141",480.50000000000,1.2000000000,1.100000,"Radial Velocity"
"Kepler-68 c","Kepler-68",9.60502700000,0.0900800000,1.057000,"Transit"
"Kepler-1126 c","Kepler-1126",199.66876000000,0.6193000000,0.794000,"Transit"
"CoRoT-17 b","CoRoT-17",3.76810000000,0.0461000000,1.040000,"Transit"
"OGLE-2005-BLG-390L b","OGLE-2005-BLG-390L",3285.00000000000,2.6000000000,0.220000,"Microlensing"
"K2-323 b","K2-323",24.93000000000,0.1275000000,0.478000,"Transit"
"WASP-105 b","WASP-105",7.87288000000,0.0750000000,0.890000,"Transit"
"CoRoT-24 b","CoRoT-24",5.11340000000,0.0560000000,0.910000,"Transit"
"Kepler-150 f","Kepler-150",637.20930000000,1.2400000000,0.970000,"Transit"
"Qatar-8 b","Qatar-8",3.71495000000,0.0474000000,1.029000,"Transit"
"70 Vir b","70 Vir",116.68800000000,0.4810000000,1.090000,"Radial Velocity"
"TOI-4600 b","TOI-4600",82.68690000000,0.3490000000,0.890000,"Transit"
"WASP-87 b","WASP-87",1.68279500000,0.0294600000,1.204000,"Transit"
"Kepler-117 c","Kepler-117",50.79039100000,0.2804000000,1.129000,"Transit"
"TOI-672 b","TOI-672",3.63358100000,0.0376000000,0.540000,"Transit"
"HD 118203 c","HD 118203",5103.00000000000,6.2800000000,1.270000,"Radial Velocity"
"Kepler-20 g","Kepler-20",34.94000000000,0.2055000000,0.948000,"Radial Velocity"
"KELT-10 b","KELT-10",4.16627390000,0.0525000000,1.112000,"Transit"
"75 Cet b","75 Cet",696.62000000000,1.9120000000,1.920000,"Radial Velocity"
"GJ 4276 b","GJ 4276",13.35200000000,0.0820000000,0.406000,"Radial Velocity"
"HD 216435 b","HD 216435",1311.00000000000,2.5600000000,1.300000,"Radial Velocity"
"HD 101581 c","HIP 56998",6.20401000000,0.0573000000,0.653000,"Transit"
"HIP 113103 c","HIP 113103",14.24564800000,0.1047900000,0.761000,"Transit"
"HD 1461 b","HD 1461",5.77152000000,0.0634000000,1.020000,"Radial Velocity"
"HD 174205 b","HD 174205",582.00000000000,1.7000000000,1.800000,"Radial Velocity"
"GJ 86 b","GJ 86",15.76491000000,0.1100000000,0.930000,"Radial Velocity"
"Kepler-102 f","Kepler-102",27.45359200000,0.1656000000,0.803000,"Transit"
"TOI-3688 A b","TOI-3688 A",3.24607500000,0.0456000000,1.199000,"Transit"
"TOI-1452 b","TOI-1452",11.06201000000,0.0610000000,0.249000,"Transit"
"TOI-2084 b","TOI-2084",6.07842470000,0.0500600000,0.453000,"Transit"
"TOI-2152 A b","TOI-2152",3.37735120000,0.0506400000,1.516000,"Transit"
"TOI-426 b","TOI-426",1.32050258000,0.0237400000,1.000000,"Transit"
"TOI-426 c","TOI-426",235.80000000000,0.7470000000,1.000000,"Radial Velocity"
"HATS-46 b","HATS-46",4.74237490000,0.0527200000,0.869000,"Transit"
"TOI-2977 b","TOI-2977",2.35056140000,0.0338600000,0.936000,"Transit"
"TOI-2040 b","TOI-2040",3.86085760000,0.0473000000,0.920000,"Transit"
"TOI-262 b","TOI-262",11.14529000000,0.1630000000,0.913000,"Transit"
"TOI-128.01","TOI-128",4.94046810000,0.0538101900,0.851969,"Transit"
"TOI-261.01","TOI-261",3.36392540000,0.0347921890,0.496728,"Transit"
"TOI-3278 b","TOI-3278",3.24645600000,0.0430000000,1.040000,"Transit"
"TOI-1232 c","TOI-1232",30.35600000000,0.1940000000,1.058000,"Transit Timing Variations"
"GJ 3222 b","GJ 3222",10.66669000000,0.0910000000,0.890000,"Radial Velocity"
"HD 148156 b","HD 148156",1027.00000000000,2.4500000000,1.220000,"Radial Velocity"
"HATS-23 b","HATS-23",2.16051560000,0.0339700000,1.121000,"Transit"
"TOI-1180 b","TOI-1180",9.68676037800,0.0807990000,0.750000,"Transit"
"TOI-3362 b","TOI-3362",18.09547000000,0.1530000000,1.445000,"Transit"
"HATS-36 b","HATS-36",4.17518600000,0.0523000000,1.100000,"Transit"
"TOI-1064 c","TOI-1064",12.22657400000,0.0942900000,0.748000,"Transit"
"HAT-P-53 b","HAT-P-53",1.96162410000,0.0315900000,1.093000,"Transit"
"HD 94771 b","HD 94771",2164.00000000000,3.4800000000,1.200000,"Radial Velocity"
"HD 164922 e","HD 164922",41.76300000000,0.2292000000,0.921146,"Radial Velocity"
"Kepler-431 c","Kepler-431",8.70300000000,0.0847000000,1.071000,"Transit"
"Ross 128 b","Ross 128",9.86580000000,0.0496000000,0.168000,"Radial Velocity"
"HATS-10 b","HATS-10",3.31284600000,0.0449100000,1.101000,"Transit"
"TOI-132 b","TOI-132",2.10970190000,0.0260000000,0.970000,"Transit"
"HD 28185 b","HD 28185",385.92000000000,1.0340000000,0.974000,"Radial Velocity"
"TOI-2768 b","TOI-2768",1.50801000000,0.0270000000,0.630000,"Transit"
"HIP 97166 b","HIP 97166",10.28891400000,0.0910000000,0.934200,"Transit"
"WASP-171 b","WASP-171",3.81862440000,0.0504000000,1.171000,"Transit"
"HD 211403 b","HD 211403",223.80000000000,0.7680000000,1.200000,"Radial Velocity"
"HD 156668 c","HD 156668",811.30000000000,1.5700000000,0.785167,"Radial Velocity"
"TOI-6420 b","TOI-6420",6.96150800000,0.0753000000,1.165000,"Transit"
"NGTS-16 b","NGTS-16",4.84532000000,0.0523000000,1.002000,"Transit"
"K2-324 b","K2-324",3.26200000000,0.0331000000,0.517000,"Transit"
"TOI-4145 A b","TOI-4145 A",4.06644280000,0.0482300000,0.905000,"Transit"
"HD 202696 c","HD 202696",946.60000000000,2.3420000000,1.910000,"Radial Velocity"
"HD 10180 c","HD 10180",5.75969000000,0.0641200000,1.060000,"Radial Velocity"
"HD 1397 b","HD 1397",11.53533000000,0.1097000000,1.324000,"Transit"
"K2-64 b","K2-64",6.53044000000,0.0619000000,0.741000,"Transit"
"HD 50499 c","HD 50499",8619.90000000000,9.0200000000,1.310000,"Radial Velocity"
"SWEEPS-4 b","SWEEPS-4",4.20000000000,0.0550000000,1.240000,"Transit"
"TOI-1680 b","TOI-1680",4.80263450000,0.0314400000,0.179800,"Transit"
"HD 208527 b","HD 208527",875.50000000000,2.1000000000,1.600000,"Radial Velocity"
"11 UMi b","11 UMi",516.21997000000,1.5300000000,2.780000,"Radial Velocity"
"TOI-6695 b","TOI-6695",80.38900000000,0.4020000000,1.338000,"Transit"
"TOI-904 b","TOI-904",10.87720000000,0.0560000000,0.557000,"Transit"
"HD 108202 b","HD 108202",2990.00000000000,3.7000000000,0.740000,"Radial Velocity"
"BD-08 2823 b","BD-08 2823",5.60000000000,0.0600000000,0.500000,"Radial Velocity"
"GJ 3293 e","GJ 3293",13.25430000000,0.0820800000,0.420000,"Radial Velocity"
"HD 7449 b","HD 7449",1270.55195000000,2.4380000000,1.196000,"Radial Velocity"
"WASP-104 b","WASP-104",1.75541370000,0.0291800000,1.076000,"Transit"
"TOI-3894 b","TOI-3894",4.33454000000,0.0535400000,1.089000,"Transit"
"TOI-5301 b","TOI-5301",5.85885800000,0.0730000000,1.507000,"Transit"
"NGTS-33 b","NGTS-33",2.82797200000,0.0480000000,1.600000,"Transit"
"GJ 411 b","GJ 411",12.93940000000,0.0787900000,0.389900,"Radial Velocity"
"NGTS-20 b","NGTS-20",54.18915000000,0.3130000000,1.470000,"Transit"
"RR Cae b","RR Cae",4343.50000000000,5.3000000000,0.440000,"Eclipse Timing Variations"
"HD 231701 b","HD 231701",141.63000000000,0.5670000000,1.210000,"Radial Velocity"
"WASP-57 b","WASP-57",2.83891856000,0.0376900000,0.886000,"Transit"
"TOI-1260 c","TOI-1260",7.49313400000,0.0657000000,0.679000,"Transit"
"8 UMi b","8 UMi",93.31000000000,0.4620000000,1.510000,"Radial Velocity"
"HD 93385 d","HD 93385",45.85000000000,0.2565000000,1.040000,"Radial Velocity"
"HD 89307 b","HD 89307",2166.00000000000,3.2700000000,1.270000,"Radial Velocity"
"HD 38529 b","HD 38529",14.30990000000,0.1150000000,0.980000,"Radial Velocity"
"Gl 410 b","Gl 410",6.02000000000,0.0531000000,0.550000,"Radial Velocity"
"HD 215152 d","HD 215152",10.86499000000,0.0879900000,0.770000,"Radial Velocity"
"TOI-2364 b","TOI-2364",4.01975170000,0.0487100000,0.954000,"Transit"
"HAT-P-23 b","HAT-P-23",1.21288400000,0.0232000000,1.130000,"Transit"
"TOI-1232 b","TOI-1232",14.25600000000,0.1170000000,1.058000,"Transit"
"TOI-1693 b","TOI-1693",1.76669570000,0.0226000000,0.490000,"Transit"
"TOI-1716.01","TOI-1716",8.08237655400,0.0804960000,1.070000,"Transit"
"HD 23472 c","HD 23472",29.79749000000,0.1646000000,0.670000,"Transit"
"TOI-1246 c","TOI-1246",5.90413700000,0.0610000000,0.888900,"Transit"
"TOI-2497 b","TOI-2497",10.65566900000,0.1166000000,1.859000,"Transit"
"HD 109271 c","HD 109271",30.93000000000,0.1960000000,1.047000,"Radial Velocity"
"TOI-1333 b","TOI-1333",4.72021900000,0.0626000000,1.464000,"Transit"
"TOI-1438 c","TOI-1438",9.42808900000,0.0830000000,0.876000,"Transit"
"CoRoT-20 b","CoRoT-20",9.24285000000,0.0900000000,1.140000,"Transit"
"Kepler-1834 c","Kepler-1834",0.76669151700,0.0150000000,0.765000,"Transit"
"GJ 3293 c","GJ 3293",122.61960000000,0.3617500000,0.420000,"Radial Velocity"
"HD 47186 b","HD 47186",4.08450000000,0.0500000000,0.960000,"Radial Velocity"
"HD 4732 b","HD 4732",371.74000000000,1.1290000000,1.390000,"Radial Velocity"
"TOI-4342 b","TOI-4342",5.53825920000,0.0519000000,0.587000,"Transit"
"TOI-559 b","TOI-559",6.98390950000,0.0723000000,1.026000,"Transit"
"Kepler-39 b","Kepler-39",21.08721000000,0.1640000000,1.290000,"Transit"
"Wolf 503 b","Wolf 503",6.00127000000,0.0570600000,0.688000,"Transit"
"HAT-P-61 b","HAT-P-61",1.90231289000,0.0301000000,1.004000,"Transit"
"K2-225 b","K2-225",15.87230000000,0.1409000000,1.482000,"Transit"
"HD 222237 b","HD 222237",14892.00000000000,10.8000000000,0.760000,"Radial Velocity"
"Kepler-91 b","Kepler-91",6.24658000000,0.0731000000,1.310000,"Transit"
"51 Peg b","51 Peg",4.23079660000,0.0520000000,1.070000,"Radial Velocity"
"HD 16905 b","HD 16905",10256.00000000000,8.8000000000,0.850000,"Radial Velocity"
"TOI-2427 b","TOI-2427",1.30600110000,0.0202000000,0.640000,"Transit"
"TOI-1431 b","TOI-1431",2.65023700000,0.0460000000,1.900000,"Transit"
"WASP-169 b","WASP-169",5.61141180000,0.0681000000,1.337000,"Transit"
"HD 121504 b","HD 121504",63.33000000000,0.3300000000,1.620000,"Radial Velocity"
"gam Lib c","gam Lib",966.49000000000,2.3180000000,1.780000,"Radial Velocity"
"TOI-5261 b","TOI-5261",4.15097680000,0.0513400000,1.037000,"Transit"
"Kepler-80 c","Kepler-80",9.52355000000,0.0792000000,0.730000,"Transit"
"WASP-50 b","WASP-50",1.95510000000,0.0293000000,0.892000,"Transit"
"HD 215497 c","HD 215497",566.00000000000,1.3100000000,0.920000,"Radial Velocity"
"HATS-32 b","HATS-32",2.81265480000,0.0402400000,1.099000,"Transit"
"CD-35 2722 B b","CD-35 2722 B",171.11000000000,0.2000000000,0.035000,"Radial Velocity"
"gam Cep b","gam Cep",904.00000000000,1.9780000000,1.260000,"Radial Velocity"
"HATS-34 b","HATS-34",2.10616190000,0.0316500000,0.952000,"Transit"
"CoRoT-14 b","CoRoT-14",1.51214000000,0.0270000000,1.130000,"Transit"
"TYC 1422-614-1 b","TYC 1422-614-1",198.40000000000,0.6900000000,1.150000,"Radial Velocity"
"TOI-2169 A b","TOI-2169 A",8.21482820000,0.0896000000,1.420000,"Transit"
"HD 233832 b","HD 233832",2058.00000000000,2.8270000000,0.710000,"Radial Velocity"
"HR 8799 c","HR 8799",69000.00000000000,38.0000000000,1.500000,"Imaging"
"K2-3 d","K2-3",44.55603000000,0.2014000000,0.549000,"Transit"
"Kepler-1997 b","Kepler-1997",26.75758660000,0.1815000000,1.111000,"Transit"
"HD 108863 b","HD 108863",437.70000000000,1.3200000000,1.590000,"Radial Velocity"
"HD 185269 b","HD 185269",6.83776000000,0.0770000000,1.300000,"Radial Velocity"
"HD 222582 b","HD 222582",572.38000000000,1.3400000000,1.120000,"Radial Velocity"
"HD 56957 b","HD 56957",5859.08992000000,6.4260000000,1.030000,"Radial Velocity"
"K2-25 b","K2-25",3.48456408000,0.0287000000,0.263400,"Transit"
"K2-188 c","K2-188",7.81025300000,0.0785000000,1.060000,"Transit"
"TOI-406 c","TOI-406",3.30744100000,0.0322000000,0.408000,"Transit"
"TOI-6692 b","TOI-6692",131.12500000000,0.5120000000,1.047000,"Transit"
"HATS-35 b","HATS-35",1.82099930000,0.0319900000,1.317000,"Transit"
"HD 19615 b","HD 19615",402.00000000000,1.1000000000,1.100000,"Radial Velocity"
"b Cen AB b","b Cen A",1790000.00000000000,556.0000000000,5.500000,"Imaging"
"GJ 3138 d","GJ 3138",257.80000000000,0.6980000000,0.681000,"Radial Velocity"
"HD 145934 b","HD 145934",2751.53433000000,4.8900000000,2.058000,"Radial Velocity"
"K2-329 b","K2-329",12.45512250000,0.1016000000,0.901000,"Transit"
"Kepler-311 d","Kepler-311",232.04032600000,0.7326000000,0.974000,"Transit"
"HD 125612 b","HD 125612",557.69994000000,1.3490000000,1.050000,"Radial Velocity"
"Kepler-436 b","Kepler-436",64.00205000000,0.3390000000,0.729000,"Transit"
"GJ 414 A c","GJ 414 A",749.83000000000,1.4000000000,0.650000,"Radial Velocity"
"Kepler-1052 c","Kepler-1052",180.92172900000,0.6135000000,0.937000,"Transit"
"HD 105779 b","HD 105779",2412.00000000000,3.3800000000,0.890000,"Radial Velocity"
"Kepler-453 b","Kepler-453",240.50300000000,0.7903000000,0.944000,"Transit"
"HD 20003 c","HD 20003",33.92390000000,0.1964000000,0.875000,"Radial Velocity"
"HD 122562 c","HD 122562",84.96276000000,0.4060000000,1.241000,"Radial Velocity"
"K2-259 b","K2-259",15.48043000000,0.1271000000,1.140000,"Transit"
"HD 6860 b","HD 6860",663.87000000000,2.0300000000,2.490000,"Radial Velocity"
"Kepler-864 c","Kepler-864",2.42150341000,0.0382000000,1.270000,"Transit"
"TIC 147027702 b","TIC 147027702",44.40523000000,0.2740000000,1.406000,"Transit"
"HD 191939 g","HD 191939",284.00000000000,0.8120000000,0.810000,"Radial Velocity"
"GJ 15 A b","GJ 15 A",11.44070000000,0.0720000000,0.380000,"Radial Velocity"
"K2-58 b","K2-58",7.05254000000,0.0692000000,0.890000,"Transit"
"TOI-4994 b","TOI-4994",21.49198400000,0.1515000000,1.005000,"Transit"
"HD 87816 b","HD 87816",484.17000000000,1.6180000000,2.410000,"Radial Velocity"
"Wolf 1061 b","Wolf 1061",4.88690000000,0.0375000000,0.294000,"Radial Velocity"
"TOI-3877 b","TOI-3877",4.12359600000,0.0529000000,1.160000,"Transit"
"HATS-38 b","HATS-38",4.37502100000,0.0503600000,0.890000,"Transit"
"Kepler-87 c","Kepler-87",191.23180000000,0.6760000000,1.100000,"Transit"
"HD 147873 b","HD 147873",116.59600000000,0.5220000000,1.380000,"Radial Velocity"
"PSR J2322-2650 b","PSR J2322-2650",0.32296399700,0.0102000000,1.400000,"Pulsar Timing"
"24 Boo b","24 Boo",30.33000000000,0.1940000000,1.050000,"Radial Velocity"
"K2-208 b","K2-208",4.19097000000,0.0487800000,0.881000,"Transit"
"HD 73344 d","HD 73344",5823.00000000000,6.7000000000,1.190000,"Radial Velocity"
"TOI-1298 b","TOI-1298",4.53714300000,0.0570000000,1.218700,"Transit"
"GJ 676 A c","GJ 676 A",13921.42302000000,9.7260000000,0.626000,"Radial Velocity"
"HD 224018 d","HD 224018",138.07310000000,0.5300000000,1.013000,"Transit"
"HD 148427 b","HD 148427",331.90000000000,1.1100000000,1.640000,"Radial Velocity"
"HD 155918 c","HD 155918",17202.19446000000,13.1830000000,1.030000,"Radial Velocity"
"K2-226 b","K2-226",3.27109000000,0.0409500000,0.856000,"Transit"
"HD 217786 c","HD 217786",2.52221000000,0.0380000000,1.140000,"Radial Velocity"
"TOI-3819 b","TOI-3819",3.24431410000,0.0461100000,1.242000,"Transit"
"Kepler-69 b","Kepler-69",13.72234100000,0.0940000000,0.810000,"Transit"
"HD 167768 b","HD 167768",20.65320000000,0.1512000000,1.080000,"Radial Velocity"
"YZ Cet b","YZ Cet",2.02087000000,0.0163400000,0.142000,"Radial Velocity"
"Kepler-20 f","Kepler-20",19.57832800000,0.1387000000,0.929000,"Transit"
"HAT-P-27 b","HAT-P-27",3.03957700000,0.0400000000,0.916000,"Transit"
"HD 156668 b","HD 156668",4.64550000000,0.0500000000,0.772000,"Radial Velocity"
"HD 10180 e","HD 10180",49.74800000000,0.2699000000,1.060000,"Radial Velocity"
"TOI-6478 b","TOI-6478",34.00501900000,0.1136000000,0.230000,"Transit"
"WASP-163 b","WASP-163",1.60968840000,0.0266000000,0.970000,"Transit"
"TOI-2158 b","TOI-2158",8.60077000000,0.0750000000,1.120000,"Transit"
"TOI-5153 b","TOI-5153",20.33003000000,0.1580000000,1.240000,"Transit"
"HATS-41 b","HATS-41",4.19364900000,0.0583000000,1.496000,"Transit"
"WASP-176 b","WASP-176",3.89905200000,0.0535000000,1.345000,"Transit"
"HAT-P-25 b","HAT-P-25",3.65281514000,0.0466000000,1.012000,"Transit"
"TOI-4443.01","TOI-4443",1.84985670000,0.0299626450,1.049133,"Transit"
"TOI-1836 c","TOI-1836",1.77274710000,0.0308900000,1.251800,"Transit"
"GJ 328 c","GJ 328",241.80000000000,0.6570000000,0.650000,"Radial Velocity"
"TOI-6041 b","TOI-6041",26.04945000000,0.1651000000,0.885000,"Transit"
"K2-129 b","K2-129",8.23949300000,0.0570000000,0.360031,"Transit"
"HD 103891 b","HD 103891",1919.00000000000,3.2700000000,1.280000,"Radial Velocity"
"HD 216520 c","HD 216520",154.43000000000,0.5280000000,0.820000,"Radial Velocity"
"HD 34445 g","HD 34445",5700.00000000000,6.3600000000,1.070000,"Radial Velocity"
"WTS-1 b","WTS-1",3.35205700000,0.0470000000,1.200000,"Transit"
"gam1 Leo b","gam1 Leo",428.50000000000,1.1900000000,1.230000,"Radial Velocity"
"TIC 88785435 b","TIC 88785435",10.50884300000,0.0843200000,0.724000,"Transit"
"HIP 8152 c","HIP 8152",19.60562000000,0.1390000000,0.937300,"Transit"
"HD 109271 b","HD 109271",7.85430000000,0.0790000000,1.047000,"Radial Velocity"
"Kepler-80 d","Kepler-80",3.07222000000,0.0372000000,0.730000,"Transit"
"TOI-2373 b","TOI-2373",13.33668000000,0.1120000000,1.041000,"Transit"
"GJ 1061 c","GJ 1061",6.68210000000,0.0342000000,0.120000,"Radial Velocity"
"Kepler-448 c","KOI-12",2500.00000000000,4.2000000000,1.500000,"Transit Timing Variations"
"TOI-4311 c","TOI-4311",15.07042500000,0.1116000000,0.816000,"Transit"
"HD 144899 b","HD 144899",40.43914000000,0.2420000000,1.160000,"Radial Velocity"
"WASP-42 b","WASP-42",4.98168190000,0.0561000000,0.951000,"Transit"
"TOI-2803 A b","TOI-2803 A",1.96229325000,0.0318500000,1.118000,"Transit"
"TOI-1288 b","TOI-1288",2.69982790000,0.0374000000,0.955200,"Transit"
"K2-247 b","K2-247",2.25021000000,0.0304000000,0.740000,"Transit"
"HD 107148 c","HD 107148",18.32670000000,0.1407000000,1.105215,"Radial Velocity"
"HD 48948 c","HD 48948",38.06000000000,0.1951000000,0.686000,"Radial Velocity"
"HAT-P-62 b","HAT-P-62",2.64532350000,0.0377200000,1.023000,"Transit"
"NGTS-5 b","NGTS-5",3.35698660000,0.0382000000,0.661000,"Transit"
"Kepler-62 e","Kepler-62",122.38740000000,0.4270000000,0.690000,"Transit"
"K2-117 b","K2-117",1.29160000000,0.0189000000,0.540000,"Transit"
"WASP-190 b","WASP-190",5.36775300000,0.0663000000,1.350000,"Transit"
"WASP-92 b","WASP-92",2.17467420000,0.0348000000,1.190000,"Transit"
"HD 86081 b","HD 86081",2.13784310000,0.0346000000,1.210000,"Radial Velocity"
"Kepler-10 b","Kepler-10",0.83749070000,0.0168500000,0.910000,"Transit"
"HD 19994 b","HD 19994",466.20000000000,1.3050000000,1.365000,"Radial Velocity"
"TOI-2570 b","TOI-2570",2.98876150000,0.0414500000,1.063000,"Transit"
"Kepler-1491 c","Kepler-1491",61.56976500000,0.3045000000,0.991000,"Transit"
"TOI-763 c","TOI-763",12.27370000000,0.1011000000,0.917000,"Transit"
"WASP-130 b","WASP-130",11.55098000000,0.1012000000,1.040000,"Transit"
"K2-292 b","K2-292",16.98410000000,0.1300000000,1.000000,"Transit"
"K2-116 b","K2-116",4.65541100000,0.0480000000,0.694512,"Transit"
"WASP-161 b","WASP-161",5.40604250000,0.0673000000,1.390000,"Transit"
"K2-370 b","K2-370",2.14080930000,0.0321000000,0.962000,"Transit"
"TOI-3980 b","TOI-3980",3.60892540000,0.0494000000,1.240000,"Transit"
"Kepler-47 b","Kepler-47",49.46430000000,0.2877000000,0.957000,"Transit"
"Kepler-1985 b","Kepler-1985",3.42064689000,0.0426000000,0.877000,"Transit"
"GJ 849 c","GJ 849",5990.00000000000,4.9500000000,0.450000,"Radial Velocity"
"TIC 393818343 b","TIC 393818343",16.24921000000,0.1291000000,1.082000,"Transit"
"Kepler-1514 c","Kepler-1514",10.51418100000,0.0997000000,1.196000,"Transit"
"TOI-4214 b","TOI-4214",3.49138850000,0.0501800000,1.382000,"Transit"
"WASP-106 b","WASP-106",9.28969000000,0.0901000000,1.175000,"Transit"
"TOI-1739 b","TOI-1739",8.30334140600,0.0738720000,0.780000,"Transit"
"TOI-628 b","TOI-628",3.40956750000,0.0486000000,1.311000,"Transit"
"HD 20794 b","HD 20794",18.31400000000,0.1257000000,0.790000,"Radial Velocity"
"GJ 667 C c","GJ 667 C",28.14000000000,0.1250000000,0.330000,"Radial Velocity"
"HD 28254 b","HD 28254",1333.00000000000,2.4500000000,1.100000,"Radial Velocity"
"TOI-257 b","TOI-257",18.38818000000,0.1528000000,1.407000,"Transit"
"HD 34445 d","HD 34445",117.87000000000,0.4817000000,1.070000,"Radial Velocity"
"GJ 251 b","GJ 251",14.23700000000,0.0808000000,0.350000,"Radial Velocity"
"DMPP-1 d","DMPP-1",3.14170000000,0.0446700000,1.210000,"Radial Velocity"
"OGLE2-TR-L9 b","OGLE2-TR-L9",2.48553350000,0.0308000000,1.520000,"Transit"
"TOI-4600 c","TOI-4600",482.81910000000,1.1520000000,0.890000,"Transit"
"TOI-2524 b","TOI-2524",7.18585000000,0.0730000000,1.007000,"Transit"
"HD 96167 b","HD 96167",498.04000000000,1.3320000000,1.270000,"Radial Velocity"
"TOI-1260 d","TOI-1260",16.60816400000,0.1116000000,0.679000,"Transit"
"Kepler-444 c","Kepler-444",4.54588410000,0.0488100000,0.758000,"Transit"
"TOI-1749 c","TOI-1749",4.49290000000,0.0443000000,0.580000,"Transit"
"TOI-237 b","TOI-237",5.43609800000,0.0341000000,0.179000,"Transit"
"HATS-1 b","HATS-1",3.44645900000,0.0444000000,0.986000,"Transit"
"nu Oph c","nu Oph",3180.60000000000,5.8290000000,2.610000,"Radial Velocity"
"GJ 3138 b","GJ 3138",1.22003000000,0.0197000000,0.681000,"Radial Velocity"
"HD 130322 b","HD 130322",10.70871000000,0.0925000000,0.920000,"Radial Velocity"
"TOI-6448 b","TOI-6448",14.84426100000,0.1310000000,1.030000,"Transit"
"Kepler-849 b","Kepler-849",394.62508000000,1.1370000000,1.259000,"Transit"
"NGTS-23 b","NGTS-23",4.07643260000,0.0504000000,1.010000,"Transit"
"HD 40307 b","HD 40307",4.31230000000,0.0468000000,0.770000,"Radial Velocity"
"NGTS-18 b","NGTS-18",3.05125000000,0.0448000000,1.003000,"Transit"
"HIP 97233 b","HIP 97233",1062.26506000000,2.4910000000,1.810000,"Radial Velocity"
"TOI-1794 b","TOI-1794",8.76552800000,0.0820000000,0.969800,"Transit"
"TOI-6019 b","TOI-6019",14.54795200000,0.1212000000,1.130000,"Transit"
"TOI-2876 b","TOI-2876",6.29964310000,0.0654000000,0.939000,"Transit"
"HD 102195 b","HD 102195",4.11377000000,0.0500000000,0.760000,"Radial Velocity"
"TOI-4127 b","TOI-4127",56.39870000000,0.3030000000,1.230000,"Transit"
"TOI-5126 b","TOI-5126",5.45883850000,0.0651900000,1.240000,"Transit"
"TOI-1062 b","TOI-1062",4.11296000000,0.0520000000,0.940000,"Transit"
"GJ 96 b","GJ 96",73.94000000000,0.2910000000,0.600000,"Radial Velocity"
"HD 181433 b","HD 181433",9.37450000000,0.0828000000,0.860000,"Radial Velocity"
"HD 147018 c","HD 147018",1008.00000000000,1.9220000000,0.927000,"Radial Velocity"
"HD 222076 b","HD 222076",871.00000000000,1.8300000000,1.070000,"Radial Velocity"
"HD 27894 b","HD 27894",18.01939000000,0.1250000000,0.810000,"Radial Velocity"
"HD 141399 b","HD 141399",94.44000000000,0.4150000000,1.070000,"Radial Velocity"
"HIP 18606 b","HIP 18606",674.94000000000,1.6100000000,1.210000,"Radial Velocity"
"TOI-2578 b","TOI-2578",3.45796670000,0.0495000000,1.270000,"Transit"
"K2-356 b","K2-356",21.02673660000,0.1599000000,0.900000,"Transit"
"HAT-P-44 c","HAT-P-44",872.20000000000,1.7520000000,0.942000,"Radial Velocity"
"K2-75 c","K2-75",18.31100000000,0.1429000000,1.160000,"Transit"
"GJ 433 d","GJ 433",36.05900000000,0.1780000000,0.480000,"Radial Velocity"
"HAT-P-64 b","HAT-P-64",4.00723200000,0.0538700000,1.298000,"Transit"
"WASP-194 b","WASP-194",3.18338700000,0.0470000000,1.290000,"Transit"
"HD 73526 b","HD 73526",188.30000000000,0.6500000000,1.140000,"Radial Velocity"
"HD 142 c","HD 142",10159.64279000000,9.8110000000,1.210000,"Radial Velocity"
"G 264-012 b","G 264-012",2.30538000000,0.0227900000,0.297000,"Radial Velocity"
"WASP-64 b","WASP-64",1.57329180000,0.0264800000,1.004000,"Transit"
"TOI-2145 b","TOI-2145",10.26112800000,0.1117000000,1.710000,"Transit"
"BD+15 2375 b","BD+15 2375",153.22000000000,0.5760000000,1.080000,"Radial Velocity"
"TOI-1751 b","TOI-1751",37.46852000000,0.2150000000,0.938200,"Transit"
"GJ 3341 b","GJ 3341",14.20700000000,0.0890000000,0.470000,"Radial Velocity"
"K2-157 d","K2-157",66.50000000000,0.3090000000,0.890000,"Radial Velocity"
"GJ 536 c","GJ 536",32.76100000000,0.1617000000,0.528000,"Radial Velocity"
"TIC 245076932 b","TIC 245076932",21.61389000000,0.1570000000,1.117000,"Transit"
"HD 31527 d","HD 31527",271.67370000000,0.8098000000,0.960000,"Radial Velocity"
"TOI-2986 b","TOI-2986",3.27836620000,0.0448900000,1.122000,"Transit"
"TOI-756 b","TOI-756",1.23924950000,0.0180000000,0.505000,"Transit"
"HD 28192 b","HD 28192",14.23283000000,0.1180000000,1.080000,"Radial Velocity"
"EPIC 212737443 b","EPIC 212737443",13.60300000000,0.0980000000,0.690000,"Transit"
"HD 4208 b","HD 4208",832.97000000000,1.6620000000,0.883000,"Radial Velocity"
"KOI-1599.02","KOI-1599",13.60880000000,0.1122930000,1.020000,"Transit"
"TOI-1203 b","TOI-1203",4.15728880000,0.0486900000,0.886000,"Radial Velocity"
"Wolf 1069 b","Wolf 1069",15.56400000000,0.0672000000,0.167000,"Radial Velocity"
"Kepler-32 e","Kepler-32",2.89600000000,0.0330000000,0.580000,"Transit"
"K2-266 e","K2-266",19.48200000000,0.1249000000,0.686000,"Transit"
"Kepler-1995 b","Kepler-1995",73.75788750000,0.3259000000,0.847000,"Transit"
"WASP-192 b","WASP-192",2.87867650000,0.0408000000,1.090000,"Transit"
"Kepler-411 b","Kepler-411",3.00515600000,0.0375000000,0.870000,"Transit"
"HD 111232 b","HD 111232",1169.13202000000,2.1480000000,0.960000,"Radial Velocity"
"HD 94890 b","HD 94890",824.61000000000,2.0700000000,1.740000,"Radial Velocity"
"Kepler-76 b","Kepler-76",1.54492980000,0.0274000000,1.200000,"Orbital Brightness Modulation"
"TOI-329 b","TOI-329",5.70439000000,0.0638000000,1.067800,"Transit"
"GJ 393 b","GJ 393",7.02679000000,0.0540200000,0.426000,"Radial Velocity"
"HIP 65407 c","HIP 65407",67.30000000000,0.3160000000,0.930000,"Radial Velocity"
"HD 11506 d","HD 11506",26500.00000000000,18.2000000000,1.220000,"Radial Velocity"
"OGLE-2006-BLG-109L c","OGLE-2006-BLG-109L",4927.50000000000,4.5000000000,0.510000,"Microlensing"
"Kepler-1514 b","Kepler-1514",217.83184000000,0.7530000000,1.196000,"Transit"
"K2-321 b","K2-321",2.29797490000,0.0283900000,0.578000,"Transit"
"Kepler-82 b","Kepler-82",26.44000000000,0.1683000000,0.910000,"Transit"
"Kepler-75 b","Kepler-75",8.88491160000,0.0818000000,0.910000,"Transit"
"TOI-2025 b","TOI-2025",8.87209820000,0.0892000000,1.199000,"Transit"
"TOI-4311 b","TOI-4311",0.99027380000,0.0181700000,0.816000,"Transit"
"WASP-177 b","WASP-177",3.07172200000,0.0395700000,0.876000,"Transit"
"nu Oph b","nu Oph",529.93000000000,1.7650000000,2.610000,"Radial Velocity"
"BD-06 1339 c","BD-06 1339",125.94000000000,0.4350000000,0.700000,"Radial Velocity"
"TOI-1266 c","TOI-1266",18.80270000000,0.1050000000,0.437000,"Transit"
"HD 43197 c","HD 43197",9295.97350000000,8.5400000000,0.960000,"Radial Velocity"
"K2-128 b","K2-128",5.67581900000,0.0560000000,0.711248,"Transit"
"TOI-712 c","TOI-712",51.69906000000,0.2447000000,0.732000,"Transit"
"TOI-4507 b","TOI-4507",104.61611000000,0.4560000000,1.110000,"Transit"
"TOI-5181 A b","TOI-5181 A",3.89222950000,0.0522000000,1.250000,"Transit"
"HD 49674 b","HD 49674",4.94737000000,0.0600000000,1.030000,"Radial Velocity"
"LHS 1678 b","LHS 1678",0.86023250000,0.0123900000,0.345000,"Transit"
"TOI-1839 b","TOI-1839",1.42378280000,0.0235500000,0.860000,"Transit"
"TOI-1839 c","TOI-1839",4.02394780000,0.0470800000,0.860000,"Transit"
"HD 220773 b","HD 220773",3724.70000000000,4.9400000000,1.160000,"Radial Velocity"
"HD 8673 b","HD 8673",1644.69097000000,2.9700000000,1.280000,"Radial Velocity"
"Kepler-62 c","Kepler-62",12.44170000000,0.0929000000,0.690000,"Transit"
"HD 6061 b","HD 6061",5.25490000000,0.0600000000,1.026900,"Transit"
"TOI-3321 b","TOI-3321",3.65251450000,0.0470000000,1.041000,"Transit"
"ups Leo b","ups Leo",385.20000000000,1.1800000000,1.480000,"Radial Velocity"
"TOI-406.01","TOI-406",13.17568200000,0.0809000000,0.408000,"Transit"
"Kepler-20 d","Kepler-20",77.61145500000,0.3474000000,0.929000,"Transit"
"NGTS-8 b","NGTS-8",2.49970000000,0.0350000000,0.890000,"Transit"
"HD 190360 c","HD 190360",17.11625000000,0.1298000000,0.996000,"Radial Velocity"
"TOI-5678 b","TOI-5678",47.73022000000,0.2490000000,0.905000,"Transit"
"Kepler-77 b","Kepler-77",3.57878087000,0.0450100000,0.950000,"Transit"
"BD-06 1339 b","BD-06 1339",3.87280000000,0.0428000000,0.700000,"Radial Velocity"
"Kepler-117 b","Kepler-117",18.79592280000,0.1445000000,1.129000,"Transit"
"HD 47366 b","HD 47366",360.08000000000,1.2070000000,1.810000,"Radial Velocity"
"14 And b","14 And",186.76000000000,0.7750000000,1.780000,"Radial Velocity"
"TOI-1811 b","TOI-1811",3.71307650000,0.0438900000,0.817000,"Transit"
"TOI-5734 b","TOI-5734",6.18418760000,0.0592100000,0.724000,"Transit"
"HD 224018 c","HD 224018",36.57669000000,0.2170000000,1.013000,"Transit"
"TOI-1855 b","TOI-1855",1.36414864000,0.0239800000,0.987000,"Transit"
"WASP-102 b","WASP-102",2.70981300000,0.0410000000,1.080000,"Transit"
"K2-253 b","K2-253",4.00167000000,0.0506000000,1.080000,"Transit"
"K2-264 c","K2-264",19.66030200000,0.1128300000,0.496000,"Transit"
"WASP-70 A b","WASP-70 A",3.71302030000,0.0485300000,1.106000,"Transit"
"Kepler-416 d","Kepler-416",3.07644709000,0.0407000000,0.949000,"Transit"
"alf Ari b","alf Ari",380.80000000000,1.2000000000,1.500000,"Radial Velocity"
"GJ 876 d","GJ 876",1.93778000000,0.0208066500,0.320000,"Radial Velocity"
"GJ 3779 b","GJ 3779",3.02320000000,0.0260000000,0.270000,"Radial Velocity"
"KELT-16 b","KELT-16",0.96899510000,0.0204400000,1.211000,"Transit"
"TOI-1444 b","TOI-1444",0.47027430000,0.0116000000,0.951300,"Transit"
"TOI-908 b","TOI-908",3.18379200000,0.0416570000,0.950000,"Transit"
"K2-80 c","K2-80",5.60500000000,0.0596000000,0.900000,"Transit"
"HD 114082 b","HD 114082",225.55040000000,0.7910000000,1.280000,"Transit"
"KOI-134 b","KOI-134",67.12770000000,0.3630000000,1.407000,"Transit"
"HD 153950 b","HD 153950",499.39999000000,1.2800000000,1.250000,"Radial Velocity"
"K2-133 c","K2-133",4.86784000000,0.0434100000,0.461000,"Transit"
"TOI-2147 b","TOI-2147",26.20518000000,0.1720000000,0.990000,"Transit"
"WASP-132 d","WASP-132",1816.60000000000,2.7100000000,0.789000,"Radial Velocity"
"HD 74156 b","HD 74156",51.63564000000,0.2800000000,1.100000,"Radial Velocity"
"HD 22781 b","HD 22781",528.07000000000,1.1670000000,0.750000,"Radial Velocity"
"HD 65216 c","HD 65216",5370.00000000000,5.7500000000,0.874000,"Radial Velocity"
"EPIC 220674823 b","EPIC 220674823",0.57130782000,0.0132000000,0.913000,"Transit"
"TOI-1846 b","TOI-1846",3.93067370000,0.0364600000,0.418000,"Transit"
"TOI-2141 c","TOI-2141",5.46240000000,0.0585000000,0.896000,"Radial Velocity"
"K2-138 c","K2-138",3.56004000000,0.0446100000,0.935000,"Transit"
"HATS-39 b","HATS-39",4.57763480000,0.0600700000,1.379000,"Transit"
"NGTS-39 b","NGTS-39",58.20472000000,0.3077000000,1.160000,"Transit"
"HD 79498 b","HD 79498",1807.00000000000,2.9800000000,1.080000,"Radial Velocity"
"K2-285 b","K2-285",3.47174500000,0.0381700000,0.830000,"Transit"
"HD 216770 b","HD 216770",118.45000000000,0.4600000000,0.740000,"Radial Velocity"
"HD 219077 b","HD 219077",5478.68861000000,5.9350000000,0.920000,"Radial Velocity"
"HD 204941 b","HD 204941",1733.00000000000,2.5500000000,0.580000,"Radial Velocity"
"HD 38529 c","HD 38529",2127.60566000000,3.2260000000,0.980000,"Radial Velocity"
"DMPP-4 b","DMPP-4",3.49820000000,0.0485300000,1.250000,"Radial Velocity"
"HD 45184 c","HD 45184",13.13540000000,0.1100000000,1.030000,"Radial Velocity"
"Kepler-11 d","Kepler-11",22.68450000000,0.1550000000,0.961000,"Transit"
"K2-8 c","K2-8",5.06416000000,0.0532000000,0.780000,"Transit"
"HIP 109600 b","HIP 109600",232.08000000000,0.7060000000,0.870000,"Radial Velocity"
"GJ 9404 b","GJ 9404",13.45860000000,0.0943000000,0.620000,"Radial Velocity"
"WASP-159 b","WASP-159",3.84040100000,0.0538000000,1.410000,"Transit"
"TOI-2886 b","TOI-2886",1.60200105000,0.0287100000,1.229000,"Transit"
"GJ 9773 b","GJ 9773",2965.00000000000,2.9210000000,0.358000,"Radial Velocity"
"HD 73526 c","HD 73526",379.10000000000,1.0300000000,1.014000,"Radial Velocity"
"OGLE-TR-182 b","OGLE-TR-182",3.97910000000,0.0510000000,1.140000,"Transit"
"K2-245 b","K2-245",11.89307000000,0.0959000000,0.830000,"Transit"
"KELT-14 b","KELT-14",1.71005660000,0.0300500000,1.239000,"Transit"
"TOI-1238 c","TOI-1238",3.29473600000,0.0370000000,0.590000,"Transit"
"HD 23127 b","HD 23127",1211.17000000000,2.3700000000,1.208000,"Radial Velocity"
"TOI-1080 b","TOI-1080",3.96524820000,0.0272000000,0.166700,"Transit"
"TOI-2379 b","TOI-2379",5.46938270000,0.0526300000,0.645000,"Transit"
"HD 178911 B b","HD 178911 B",71.48400000000,0.3400000000,1.240000,"Radial Velocity"
"HD 155358 c","HD 155358",391.90000000000,1.0200000000,0.920000,"Radial Velocity"
"K2-21 b","K2-21",9.32503800000,0.0760000000,0.676023,"Transit"
"KOI-55 b","KOI-55",0.24010400000,0.0060000000,0.496000,"Orbital Brightness Modulation"
"HD 63433 d","HD 63433",4.20907500000,0.0503000000,0.990000,"Transit"
"WASP-141 b","WASP-141",3.31065100000,0.0469000000,1.250000,"Transit"
"TOI-1052 c","TOI-1052",35.80600000000,0.2263000000,1.204000,"Radial Velocity"
"K2-5 c","K2-5",10.93241000000,0.0818000000,0.610000,"Transit"
"KOI-13 b","KOI-13",1.76358800000,0.0364100000,1.720000,"Transit"
"HATS-62 b","HATS-62",3.27688370000,0.0416300000,0.896000,"Transit"
"IC 4651 9122 b","IC 4651 9122",734.00000000000,2.0380000000,2.100000,"Radial Velocity"
"K2-239 b","K2-239",5.24000000000,0.0441000000,0.400000,"Transit"
"TOI-1408 b","TOI-1408",4.42587000000,0.0577800000,1.312000,"Transit"
"TOI-286 c","TOI-286",39.36182600000,0.2130000000,0.832000,"Transit"
"Kepler-33 d","Kepler-33",21.77596000000,0.1662000000,1.291000,"Transit"
"HD 145457 b","HD 145457",176.13000000000,0.7620000000,1.900000,"Radial Velocity"
"K2-154 c","K2-154",7.95486000000,0.0677000000,0.650000,"Transit"
"Kepler-1980 b","Kepler-1980",33.02571790000,0.2049000000,1.049000,"Transit"
"TOI-1736 b","TOI-1736",7.07307600000,0.0730000000,1.037300,"Transit"
"K2-158 c","K2-158",5.90279000000,0.0622000000,0.920000,"Transit"
"GJ 3512 b","GJ 3512",203.10900000000,0.3376000000,0.123000,"Radial Velocity"
"K2-29 b","K2-29",3.25883210000,0.0421700000,0.940000,"Transit"
"HD 31527 b","HD 31527",16.55350000000,0.1254000000,0.960000,"Radial Velocity"
"TOI-2015 b","TOI-2015",3.34823700000,0.0293220000,0.304100,"Transit"
"K2-52 b","K2-52",3.53505500000,0.0540000000,1.691000,"Transit"
"HD 38283 b","HD 38283",363.20001000000,1.0200000000,1.370000,"Radial Velocity"
"TOI-5624 b","TOI-5624",3.39034730000,0.0420100000,0.858000,"Transit"
"TOI-6054.01","TOI-6054",7.50142800000,0.0763000000,1.107000,"Transit"
"4 UMa b","4 UMa",270.27000000000,0.8770000000,1.234000,"Radial Velocity"
"HD 208487 b","HD 208487",129.36000000000,0.5300000000,1.150000,"Radial Velocity"
"Kepler-48 f","Kepler-48",5219.68185400000,5.7191878770,0.916000,"Radial Velocity"
"K2-274 b","K2-274",14.13303140000,0.0964000000,0.790000,"Transit"
"GJ 1061 b","GJ 1061",3.20730000000,0.0210000000,0.120000,"Radial Velocity"
"TOI-2796 b","TOI-2796",4.80849830000,0.0569000000,1.063000,"Transit"
"AF Lep b","AF Lep",8905.00000000000,8.9960000000,1.218000,"Imaging"
"HIP 54597 b","HIP 54597",3274.00000000000,4.0000000000,0.800000,"Radial Velocity"
"HD 149806 b","HD 149806",16521.52778000000,12.4040000000,0.930000,"Radial Velocity"
"TIC 139270665 c","TIC 139270665",1010.00000000000,2.0000000000,1.035000,"Radial Velocity"
"TOI-712 b","TOI-712",9.53136100000,0.0792800000,0.732000,"Transit"
"TOI-2133 b","TOI-2133",3.82664720000,0.0410000000,0.644000,"Transit"
"KOI-351 c","KOI-351",8.71937500000,0.0890000000,1.200000,"Transit"
"Kepler-1653 b","Kepler-1653",140.25240000000,0.4706000000,0.719000,"Transit"
"Gl 378 b","Gl 378",3.82200000000,0.0394350000,0.560000,"Radial Velocity"
"HIP 57274 c","HIP 57274",32.03000000000,0.1780000000,0.730000,"Radial Velocity"
"ups And c","ups And",241.25800000000,0.8277740000,1.300000,"Radial Velocity"
"HD 142415 b","HD 142415",386.29999000000,1.0600000000,1.070000,"Radial Velocity"
"HD 169830 b","HD 169830",225.67372000000,0.7650000000,1.170000,"Radial Velocity"
"K2-412 b","K2-412",5.93820000000,0.0586000000,0.893000,"Transit"
"TOI-2093 c","TOI-2093",53.81149000000,0.2570000000,0.745000,"Transit"
"HD 4313 b","HD 4313",356.21000000000,1.1570000000,1.630000,"Radial Velocity"
"Kepler-424 c","Kepler-424",223.30000000000,0.7300000000,1.010000,"Radial Velocity"
"GJ 3942 b","GJ 3942",6.90500000000,0.0608000000,0.630000,"Radial Velocity"
"HD 5388 b","HD 5388",772.50000000000,1.7570000000,1.210000,"Radial Velocity"
"mu Leo b","mu Leo",357.80000000000,1.1000000000,1.500000,"Radial Velocity"
"HD 12661 c","HD 12661",1708.00000000000,2.8145000000,1.020000,"Radial Velocity"
"HD 45652 b","HD 45652",44.07300000000,0.2370000000,0.920000,"Radial Velocity"
"TOI-2567 b","TOI-2567",5.98394400000,0.0672000000,1.130000,"Transit"
"HD 211970 b","HD 211970",25.20100000000,0.1430000000,0.610000,"Radial Velocity"
"HD 48265 b","HD 48265",778.51000000000,1.8140000000,1.312000,"Radial Velocity"
"TOI-5232 b","TOI-5232",4.09666920000,0.0559300000,1.389000,"Transit"
"Kepler-949 c","Kepler-949",20.99757968000,0.1394000000,0.817000,"Transit"
"HD 86264 b","HD 86264",1488.79123000000,2.7630000000,1.260000,"Radial Velocity"
"TOI-833 b","TOI-833",1.04187770000,0.0171000000,0.610000,"Transit"
"Kepler-1894 c","Kepler-1894",5.05368985000,0.0576000000,0.999000,"Transit"
"HD 211810 b","HD 211810",1558.00000000000,2.6560000000,1.030000,"Radial Velocity"
"Kepler-102 c","Kepler-102",7.07139200000,0.0670200000,0.803000,"Transit"
"Kepler-17 b","Kepler-17",1.48571080000,0.0259100000,1.040000,"Transit"
"Kepler-1162 c","Kepler-1162",59.28406400000,0.2832000000,0.861000,"Transit"
"DMPP-2 b","DMPP-2",5.20300000000,0.0663800000,1.410000,"Radial Velocity"
"HD 136925 b","HD 136925",4540.00000000000,5.1300000000,0.875104,"Radial Velocity"
"Kepler-411 e","Kepler-411",31.50972800000,0.1860000000,0.870000,"Transit Timing Variations"
"GJ 4274 c","GJ 4274",69.57000000000,0.1860000000,0.180000,"Radial Velocity"
"Barnard b","Barnard's star",3.15420000000,0.0229000000,0.162000,"Radial Velocity"
"HD 155358 b","HD 155358",194.30000000000,0.6300000000,1.150000,"Radial Velocity"
"Kepler-1928 b","Kepler-1928",19.57783000000,0.1940000000,1.010000,"Transit"
"HR 8799 b","HR 8799",170000.00000000000,68.0000000000,1.500000,"Imaging"
"WASP-36 b","WASP-36",1.53736596000,0.0267700000,1.081000,"Transit"
"HD 126105 b","HD 126105",524.00000000000,1.3600000000,1.200000,"Radial Velocity"
"K2-281 b","K2-281",8.68772100000,0.0773000000,0.820000,"Transit"
"Kepler-164 e","Kepler-164",94.88690200000,0.4025000000,0.966000,"Transit"
"Kepler-138 e","Kepler-138",38.23000000000,0.1803000000,0.535000,"Transit Timing Variations"
"TOI-4794 b","TOI-4794",3.56581160000,0.0492000000,1.250000,"Transit"
"WASP-167 b","WASP-167",2.02195960000,0.0365000000,1.590000,"Transit"
"TOI-157 b","TOI-157",2.08454350000,0.0313800000,0.948000,"Transit"
"K2-115 b","K2-115",20.27299140000,0.1415000000,0.918000,"Transit"
"HD 73344 b","HD 73344",15.61100000000,0.1310000000,1.200000,"Transit"
"61 Vir d","61 Vir",123.01000000000,0.4760000000,0.942000,"Radial Velocity"
"HD 164922 d","HD 164922",12.45800000000,0.1030000000,0.926000,"Radial Velocity"
"HD 99109 b","HD 99109",439.29999000000,1.1100000000,0.760000,"Radial Velocity"
"Kepler-50 c","Kepler-50",9.37647000000,0.0870000000,1.240000,"Transit"
"Kepler-1993 b","Kepler-1993",26.65657370000,0.1943000000,1.373000,"Transit"
"HD 133131 A b","HD 133131 A",649.00000000000,1.4400000000,0.950000,"Radial Velocity"
"G 9-40 b","G 9-40",5.74599820000,0.0418000000,0.295200,"Transit"
"K2-31 b","K2-31",1.25785000000,0.0220000000,0.910000,"Transit"
"HR 8799 d","HR 8799",37000.00000000000,24.0000000000,1.500000,"Imaging"
"Kepler-62 d","Kepler-62",18.16406000000,0.1200000000,0.690000,"Transit"
"BD+20 2457 b","BD+20 2457",379.63000000000,1.4500000000,2.800000,"Radial Velocity"
"TOI-2211.01","TOI-2211",3.09268675700,0.0401100000,0.900000,"Transit"
"HD 2952 b","HD 2952",312.08000000000,1.1170000000,1.910000,"Radial Velocity"
"Kepler-35 b","Kepler-35",131.45800000000,0.6034700000,0.887700,"Transit"
"TOI-5573 b","TOI-5573",8.79758977000,0.0712000000,0.619000,"Transit"
"GJ 1002 c","GJ 1002",21.20200000000,0.0738000000,0.120000,"Radial Velocity"
"TOI-1836 b","TOI-1836",20.38079900000,0.1597000000,1.307000,"Transit"
"HD 33844 b","HD 33844",551.40002000000,1.6000000000,1.840000,"Radial Velocity"
"HD 32518 b","HD 32518",157.35000000000,0.5940000000,1.130000,"Radial Velocity"
"HD 65216 b","HD 65216",577.60000000000,1.3010000000,0.874000,"Radial Velocity"
"HAT-P-28 b","HAT-P-28",3.25721500000,0.0434000000,1.025000,"Transit"
"Kepler-296 d","Kepler-296",19.85029100000,0.1180000000,0.498000,"Transit"
"HAT-P-66 b","HAT-P-66",2.97208600000,0.0436300000,1.255000,"Transit"
"Kepler-1708 b","Kepler-1708",737.11310000000,1.6400000000,1.088000,"Transit"
"GJ 480 b","GJ 480",9.55360000000,0.0680000000,0.450000,"Radial Velocity"
"HD 102956 b","HD 102956",6.49470000000,0.0807000000,1.660000,"Radial Velocity"
"HATS-49 b","HATS-49",4.14804670000,0.0451500000,0.713300,"Transit"
"Kepler-7 b","Kepler-7",4.88548920000,0.0606700000,1.359000,"Transit"
"HD 135872 b","HD 135872",2422.32597000000,4.1720000000,1.646000,"Radial Velocity"
"GJ 667 C e","GJ 667 C",62.24000000000,0.2130000000,0.330000,"Radial Velocity"
"Kepler-56 c","Kepler-56",21.40239000000,0.1652000000,1.320000,"Transit"
"GJ 422 b","GJ 422",20.12900000000,0.1110000000,0.350000,"Radial Velocity"
"K2-148 b","K2-148",4.38395000000,0.0454000000,0.650000,"Transit"
"K2-316 c","K2-316",5.26000000000,0.0582000000,0.408000,"Transit"
"TOI-2094 b","TOI-2094",18.79319300000,0.1360000000,0.425000,"Transit"
"GJ 849 b","GJ 849",1925.31000000000,2.3200000000,0.450000,"Radial Velocity"
"K2-247 c","K2-247",6.49424000000,0.0615000000,0.740000,"Transit"
"HATS-16 b","HATS-16",2.68650200000,0.0374400000,0.970000,"Transit"
"HD 137496 b","HD 137496",1.62116000000,0.0273200000,1.040000,"Transit"
"CFHTWIR-Oph 98 b","CFHTWIR-Oph 98 A",8040000.00000000000,200.0000000000,0.014700,"Imaging"
"Kepler-1989 b","Kepler-1989",10.16102352800,0.0918000000,0.999000,"Transit"
"Kepler-50 b","Kepler-50",7.81254000000,0.0770000000,1.240000,"Transit"
"TOI-1269 b","TOI-1269",4.25299130000,0.0496000000,0.902700,"Transit"
"K2-285 e","K2-285",14.76289000000,0.1804100000,0.830000,"Transit"
"TOI-4562 c","TOI-4562",3990.00000000000,5.2190000000,1.192000,"Transit Timing Variations"
"Kepler-725 c","Kepler-725",207.54100000000,0.6744000000,0.950000,"Transit Timing Variations"
"eps Ind A b","eps Ind A",25450.00000000000,15.7600000000,0.800000,"Radial Velocity"
"TOI-2095 b","TOI-2095",17.66484000000,0.1010000000,0.440000,"Transit"
"TOI-2154 b","TOI-2154",3.82408010000,0.0513000000,1.233000,"Transit"
"Qatar-10 b","Qatar-10",1.64532100000,0.0286000000,1.156000,"Transit"
"HD 60292 b","HD 60292",495.40000000000,1.5000000000,1.700000,"Radial Velocity"
"K2-182 b","K2-182",4.73696960000,0.0517400000,0.823000,"Transit"
"61 Vir b","61 Vir",4.21500000000,0.0502010000,0.942000,"Radial Velocity"
"Kepler-37 c","Kepler-37",21.30184800000,0.1390000000,0.790000,"Transit"
"K2-285 d","K2-285",10.45582000000,0.1178000000,0.830000,"Transit"
"HD 213885 b","HD 213885",1.00803500000,0.0201200000,1.068000,"Transit"
"Pr0201 b","Pr0201",4.42640000000,0.0600000000,1.240000,"Radial Velocity"
"K2-238 b","K2-238",3.20466000000,0.0460000000,1.190000,"Transit"
"GJ 3323 b","GJ 3323",5.36360000000,0.0328200000,0.164000,"Radial Velocity"
"WASP-81 b","WASP-81",2.71647620000,0.0390800000,1.080000,"Transit"
"K2-138 e","K2-138",8.26146000000,0.0782000000,0.935000,"Transit"
"HAT-P-50 b","HAT-P-50",3.12201090000,0.0453000000,1.273000,"Transit"
"HD 92788 c","HD 92788",11611.29750000000,10.5000000000,1.150000,"Radial Velocity"
"HD 37124 b","HD 37124",154.37800000000,0.5336400000,0.850000,"Radial Velocity"
"WASP-162 b","WASP-162",9.62468000000,0.0871000000,0.950000,"Transit"
"TOI-778 b","TOI-778",4.63361100000,0.0600000000,1.400000,"Transit"
"TOI-756 c","TOI-756",149.40000000000,0.4390000000,0.505000,"Radial Velocity"
"Wolf 1061 d","Wolf 1061",217.21000000000,0.4700000000,0.294000,"Radial Velocity"
"TOI-1448 b","TOI-1448",8.11224500000,0.0567000000,0.372000,"Transit"
"Lupus-TR-3 b","Lupus-TR-3",3.91405000000,0.0464000000,0.870000,"Transit"
"TOI-2068 b","TOI-2068",7.76891500000,0.0632000000,0.559000,"Transit"
"HD 12648 b","HD 12648",133.60001000000,0.5400000000,0.670000,"Radial Velocity"
"HD 102888 b","HD 102888",252.06000000000,1.0500000000,2.420000,"Radial Velocity"
"HD 73583 c","HD 73583",18.87974000000,0.1242000000,0.730000,"Transit"
"TOI-1696 b","TOI-1696",2.50031100000,0.0229000000,0.255000,"Transit"
"GJ 180 c","GJ 180",24.32900000000,0.1290000000,0.430000,"Radial Velocity"
"HD 12235 b","HD 12235",4.36305000000,0.0540000000,1.100000,"Radial Velocity"
"HD 25912 b","HD 25912",41.83156000000,0.2420000000,1.080000,"Radial Velocity"
"L 363-38 b","L 363-38",8.78100000000,0.0480000000,0.210000,"Radial Velocity"
"TOI-1224 b","TOI-1224",4.17827450000,0.0355000000,0.400000,"Transit"
"TYC 3667-1280-1 b","TYC 3667-1280-1",26.46800000000,0.2100000000,1.870000,"Radial Velocity"
"HD 99706 b","HD 99706",841.00000000000,1.9800000000,1.460000,"Radial Velocity"
"TOI-1775 b","TOI-1775",10.24055490000,0.0800000000,0.921800,"Transit"
"K2-233 b","K2-233",2.46758300000,0.0329300000,0.790000,"Transit"
"TOI-1386 c","TOI-1386",232.00000000000,0.7500000000,1.036300,"Radial Velocity"
"TOI-4153 b","TOI-4153",4.61741410000,0.0631100000,1.572000,"Transit"
"K2-223 b","K2-223",0.50560800000,0.0135000000,1.070000,"Transit"
"K2-223 c","K2-223",4.56395000000,0.0584000000,1.070000,"Transit"
"TOI-7189 b","TOI-7189",2.89055000000,0.0329400000,0.612000,"Transit"
"Gl 725 A b","Gl 725 A",11.22010000000,0.0680000000,0.330000,"Radial Velocity"
"HD 202206 b","HD 202206",256.26000000000,0.8100000000,1.060000,"Radial Velocity"
"HIP 81991 b","HIP 81991",5860.00000000000,6.4000000000,1.090000,"Radial Velocity"
"Gl 725 B c","Gl 725 B",37.90000000000,0.1390000000,0.250000,"Radial Velocity"
"TOI-7265 B b","TOI-7265 B",4.17232000000,0.0400700000,0.521000,"Transit"
"TOI-4492 b","TOI-4492",4.43318240000,0.0535000000,1.067000,"Transit"
"HD 278555 b","HD 278555",28.84243800000,0.1985000000,1.255000,"Transit"
"KOI-134 c","KOI-134",33.95000000000,0.2305000000,1.407000,"Transit Timing Variations"
"Kepler-37 b","Kepler-37",13.36702000000,0.1019000000,0.790000,"Transit"
"TOI-1694 b","TOI-1694",3.77013890000,0.0445000000,0.828000,"Transit"
"TOI-2384 b","TOI-2384",2.13570304000,0.0279300000,0.635000,"Transit"
"TOI-5628 A b","TOI-5628 A",4.34166120000,0.0368000000,0.360000,"Transit"
"HD 202206 c","HD 202206",1299.22000000000,2.3900000000,1.060000,"Radial Velocity"
"TOI-603 b","TOI-603",16.17984600000,0.1282000000,1.240000,"Transit"
"TOI-5806 b","TOI-5806",3.18563810000,0.0484000000,1.333000,"Transit"
"TOI-5916 b","TOI-5916",2.36712341000,0.0278900000,0.518000,"Transit"
"TOI-286 b","TOI-286",4.51172440000,0.0503000000,0.832000,"Transit"
"TOI-2406 b","TOI-2406",3.07668910000,0.0226700000,0.166000,"Transit"
"TOI-7393 b","TOI-7393",3.33708000000,0.0366400000,0.600000,"Transit"
"TOI-7169 b","TOI-7169",3.43731250000,0.0428000000,0.885000,"Transit"
"TOI-2114 b","TOI-2114",6.20995900000,0.0760000000,1.309000,"Transit"
"TOI-2095 c","TOI-2095",28.17232000000,0.1370000000,0.440000,"Transit"
"HD 80653 b","HD 80653",0.71957926000,0.0165700000,1.150000,"Transit"
"K2-312 c","HD 80653",871.32000000000,1.8820000000,1.150000,"Radial Velocity"
"TOI-762 A b","TOI-762 A",3.47168260000,0.0341800000,0.442000,"Transit"
"Kepler-725 b","Kepler-725",39.64372000000,0.2238000000,0.950000,"Transit"
"HD 60779 b","HD 60779",29.98617500000,0.1922000000,1.050000,"Transit"
"K2-24 b","K2-24",20.88959610000,0.1673000000,1.091000,"Transit"
"K2-24 c","K2-24",42.34732000000,0.2620000000,1.091000,"Transit"
"TOI-4438 b","TOI-4438",7.44629500000,0.0523000000,0.345000,"Transit"
"LP 714-47 b","LP 714-47",4.05203200000,0.0405600000,0.542000,"Transit"
"TOI-4504 b","TOI-4504",2.42615160000,0.0338000000,0.875000,"Transit"
"TOI-4504 c","TOI-4504",82.81909300000,0.3593000000,0.875000,"Transit"
"TOI-4504 d","TOI-4504",41.28719750000,0.2219000000,0.875000,"Transit Timing Variations"
"TOI-1062 c","TOI-1062",7.97200000000,0.0800000000,0.940000,"Radial Velocity"
"GJ 514 b","GJ 514",140.43000000000,0.4220000000,0.510000,"Radial Velocity"
"TOI-2981 b","TOI-2981",3.60150100000,0.0480000000,1.030000,"Transit"
"TOI-1259 A b","TOI-1259 A",3.47797920000,0.0408000000,0.746000,"Transit"
"K2-249 b","K2-249",12.40900000000,0.1151000000,1.320000,"Transit"
"Kepler-107 c","Kepler-107",4.90145200000,0.0606400000,1.238000,"Transit"
"HD 233604 b","HD 233604",192.00000000000,0.7470000000,1.500000,"Radial Velocity"
"TIC 241249530 b","TIC 241249530",165.77190000000,0.6410000000,1.271000,"Transit"
"NGTS-38 b","NGTS-38",180.52797000000,0.6970000000,1.460000,"Transit"
"TOI-2345 c","TOI-2345",21.06430200000,0.1257000000,0.727000,"Transit"
"EPIC 248847494 b","EPIC 248847494",3650.00000000000,4.5000000000,0.900000,"Transit"
"GJ 414 A b","GJ 414 A",50.80000000000,0.2324000000,0.650000,"Radial Velocity"
"K2-204 b","K2-204",7.05590800000,0.0738000000,1.076000,"Transit"
"HD 221420 b","HD 221420",10090.00000000000,10.1500000000,1.351000,"Radial Velocity"
"NSVS 14256825 b","NSVS 14256825",3225.00000000000,3.1200000000,0.419000,"Eclipse Timing Variations"
"HD 36384 b","HD 36384",490.00000000000,1.3000000000,1.140000,"Radial Velocity"
"TOI-905 b","TOI-905",3.73949400000,0.0466600000,0.968000,"Transit"
"TOI-1806.01","TOI-1806",15.14546930000,0.0877350440,0.392935,"Transit"
"HD 99283 b","HD 99283",310.40000000000,1.0800000000,1.760000,"Radial Velocity"
"GJ 720 A b","GJ 720 A",19.46600000000,0.1190000000,0.570000,"Radial Velocity"
"TOI-3523 A b","TOI-3523 A",2.30458952000,0.0355900000,1.131000,"Transit"
"HD 126614 b","HD 126614",1257.25303000000,2.2490000000,0.960000,"Radial Velocity"
"TOI-2416 b","TOI-2416",8.27547900000,0.0831000000,1.118000,"Transit"
"K2-32 b","K2-32",8.99200000000,0.0795000000,0.830000,"Transit"
"K2-149 b","K2-149",11.33200000000,0.0830000000,0.595000,"Transit"
"TOI-791 b","TOI-791",139.29931000000,0.6020000000,1.280000,"Transit"
"Kepler-439 b","Kepler-439",178.13960000000,0.5630000000,0.884000,"Transit"
"17 Sco b","17 Sco",578.38000000000,1.4500000000,1.220000,"Radial Velocity"
"Kepler-423 b","Kepler-423",2.68432850000,0.0358500000,0.850000,"Transit"
"HD 110113 b","HD 110113",2.54100000000,0.0350000000,0.997000,"Transit"
"K2-155 c","K2-155",13.85000000000,0.0946000000,0.650000,"Transit"
"DMPP-8 b","DMPP-8",62.91500000000,0.3098000000,0.990000,"Radial Velocity"
"HD 5278 c","HD 5278",40.87000000000,0.2416000000,1.126000,"Radial Velocity"
"Qatar-4 b","Qatar-4",1.80535640000,0.0280300000,0.896000,"Transit"
"TOI-1695 b","TOI-1695",3.13427910000,0.0335480000,0.513000,"Transit"
"HD 217107 c","HD 217107",5138.70000000000,5.9220000000,1.045000,"Radial Velocity"
"K2-419 A b","K2-419 A",20.35847252000,0.1208000000,0.562000,"Transit"
"Kapteyn c","Kapteyn",121.54000000000,0.3110000000,0.281000,"Radial Velocity"
"HD 92788 b","HD 92788",325.80300000000,0.9700000000,1.150000,"Radial Velocity"
"HD 13931 b","HD 13931",4218.00000000000,5.1500000000,1.300000,"Radial Velocity"
"WASP-23 b","WASP-23",2.94442560000,0.0376000000,0.780000,"Transit"
"TOI-1227 b","TOI-1227",27.36397000000,0.0886000000,0.170000,"Transit"
"GJ 251 c","GJ 251",53.64700000000,0.1960000000,0.350000,"Radial Velocity"
"HD 188015 b","HD 188015",461.20000000000,1.2030000000,1.090000,"Radial Velocity"
"Kepler-419 c","Kepler-419",675.47000000000,1.6800000000,1.390000,"Transit Timing Variations"
"TOI-2081 b","TOI-2081",10.50534000000,0.0752000000,0.540000,"Transit"
"BEBOP-4 AB b","BEBOP-4 A",1823.50000000000,3.6340000000,1.507000,"Radial Velocity"
"BEBOP-3 b","BEBOP-3",547.00000000000,1.4440000000,1.083000,"Radial Velocity"
"K2-49 b","K2-49",2.77065000000,0.0309000000,0.510000,"Transit"
"TOI-4734 b","TOI-4734",6.23563300000,0.0740000000,1.391000,"Transit"
"HD 33283 b","HD 33283",18.19910000000,0.1508000000,1.380000,"Radial Velocity"
"HD 213519 b","HD 213519",11.12214000000,0.0990000000,1.050000,"Radial Velocity"
"HD 15906 c","HD 15906",21.58329800000,0.1410000000,0.790000,"Transit"
"HD 125390 b","HD 125390",1757.39151000000,3.4960000000,1.820000,"Radial Velocity"
"HD 7924 d","HD 7924",24.45100000000,0.1551000000,0.832000,"Radial Velocity"
"HD 176986 d","HD 176986",61.37600000000,0.2814900000,0.789000,"Radial Velocity"
"TOI-2019 b","TOI-2019",15.34440000000,0.1280000000,1.183200,"Transit"
"K2-411 b","K2-411",3.21410000000,0.0511000000,1.018000,"Transit"
"HD 94890 c","HD 94890",2492.19000000000,4.3300000000,1.740000,"Radial Velocity"
"HD 153557 b","HD 153557",7.29903000000,0.0680000000,0.790000,"Radial Velocity"
"Pr0211 b","Pr0211",2.14610000000,0.0317600000,0.935000,"Radial Velocity"
"HD 96127 b","HD 96127",638.90000000000,1.4100000000,0.910000,"Radial Velocity"
"GJ 1148 b","GJ 1148",41.38000000000,0.1660000000,0.344045,"Radial Velocity"
"HD 22496 b","HD 22496",5.09071000000,0.0510000000,0.684000,"Radial Velocity"
"Kepler-78 b","Kepler-78",0.35500745000,0.0090100000,0.779000,"Transit"
"TOI-1772.01","TOI-1772",8.05424687400,0.0783750000,0.990000,"Transit"
"HD 30177 b","HD 30177",2539.00000000000,3.4900000000,0.980000,"Radial Velocity"
"HD 87816 c","HD 87816",7596.00000000000,10.1400000000,2.410000,"Radial Velocity"
"K2-42 b","K2-42",6.68796000000,0.0617000000,0.702000,"Transit"
"KELT-18 b","KELT-18",2.87175180000,0.0455000000,1.524000,"Transit"
"Kepler-1988 b","Kepler-1988",11.49500229000,0.1038000000,1.127000,"Transit"
"HD 125271 b","HD 125271",14901.99295000000,10.8170000000,0.750000,"Radial Velocity"
"Kepler-444 d","Kepler-444",6.18939200000,0.0600000000,0.758000,"Transit"
"K2-32 d","K2-32",31.71701000000,0.1842200000,0.830000,"Transit"
"HD 10442 b","HD 10442",1032.30000000000,2.0100000000,1.010000,"Radial Velocity"
"HD 14067 b","HD 14067",2744.00000000000,5.1500000000,2.400000,"Radial Velocity"
"7 CMa c","7 CMa",996.00000000000,2.1530000000,1.340000,"Radial Velocity"
"kap CrB b","kap CrB",1253.68000000000,2.5000000000,1.330000,"Radial Velocity"
"HATS-30 b","HATS-30",3.17435160000,0.0435400000,1.093000,"Transit"
"Kepler-656 c","Kepler-656",5.25449393000,0.0602000000,1.050000,"Transit"
"Kepler-67 b","Kepler-67",15.72590000000,0.1171000000,0.865000,"Transit"
"HD 202772 A b","HD 202772 A",3.30887750000,0.0520800000,1.721000,"Transit"
"HIP 70849 b","HIP 70849",3649.00000000000,3.9900000000,0.650000,"Radial Velocity"
"HATS-28 b","HATS-28",3.18107810000,0.0413100000,0.929000,"Transit"
"HD 153557 d","HD 153557",40654.64809000000,21.4490000000,0.790000,"Radial Velocity"
"Kepler-32 f","Kepler-32",0.74296000000,0.0130000000,0.580000,"Transit"
"TOI-2141 d","TOI-2141",60.45000000000,0.2906000000,0.896000,"Radial Velocity"
"Kepler-428 b","Kepler-428",3.52563254000,0.0433000000,0.870000,"Transit"
"TOI-6041 c","TOI-6041",88.00000000000,0.3721000000,0.885000,"Radial Velocity"
"HD 30856 b","HD 30856",847.00000000000,1.8500000000,1.170000,"Radial Velocity"
"GJ 4274 b","GJ 4274",1.63390000000,0.0153000000,0.180000,"Radial Velocity"
"TOI-6016 b","TOI-6016",4.02368700000,0.0550000000,1.310000,"Transit"
"Kepler-296 f","Kepler-296",63.33627000000,0.2550000000,0.498000,"Transit"
"TOI-4406 b","TOI-4406",30.08364000000,0.2010000000,1.190000,"Transit"
"Kepler-1996 b","Kepler-1996",32.37618300000,0.1789000000,0.748000,"Transit"
"TOI-1238 b","TOI-1238",0.76459700000,0.0139000000,0.590000,"Transit"
"Kepler-1982 b","Kepler-1982",3.82315697000,0.0511000000,1.213000,"Transit"
"K2-88 b","K2-88",4.61220000000,0.0345000000,0.258000,"Transit"
"Ross 176 b","Ross 176",5.00663380000,0.0464000000,0.577000,"Transit"
"XO-6 b","XO-6",3.76500070000,0.0815000000,1.470000,"Transit"
"HD 218566 b","HD 218566",225.70000000000,0.6900000000,0.760000,"Radial Velocity"
"K2-72 e","K2-72",24.15886800000,0.1060000000,0.271365,"Transit"
"TOI-1107 b","TOI-1107",4.07823870000,0.0561000000,1.350000,"Transit"
"Kepler-440 b","Kepler-440",101.11141000000,0.2420000000,0.575000,"Transit"
"TOI-1411 b","TOI-1411",1.45205270000,0.0212200000,0.604500,"Transit"
"TOI-1233.01","HD 108236",14.17568500000,0.1074000000,0.869000,"Transit"
"TOI-5624 e","TOI-5624",21.48993600000,0.1439000000,0.858000,"Transit"
"HD 21411 b","HD 21411",84.28800000000,0.3620000000,0.890000,"Radial Velocity"
"TOI-2049 b","TOI-2049",5.30346800000,0.0691900000,1.570000,"Transit"
"K2-59 c","K2-59",11.29540000000,0.0905000000,0.774000,"Transit"
"Qatar-9 b","Qatar-9",1.54073100000,0.0234000000,0.719000,"Transit"
"K2-263 b","K2-263",50.81917200000,0.2573000000,0.880000,"Transit"
"HD 81688 b","HD 81688",183.93000000000,0.6480000000,1.070000,"Radial Velocity"
"HIP 14810 b","HIP 14810",6.67389200000,0.0696000000,1.010000,"Radial Velocity"
"ome Ser b","ome Ser",278.59000000000,0.8380000000,1.010000,"Radial Velocity"
"K2-157 b","K2-157",0.36525750000,0.0096200000,0.890000,"Transit"
"TOI-3862 b","TOI-3862",1.55745774000,0.0253900000,0.900000,"Transit"
"Qatar-1 b","Qatar-1",1.42002420000,0.0233200000,0.838000,"Transit"
"K2-257 b","K2-257",1.60588000000,0.0216000000,0.520000,"Transit"
"HD 5278 b","HD 5278",14.33915600000,0.1202000000,1.126000,"Transit"
"TOI-1248 b","TOI-1248",4.36015610000,0.0510000000,0.904200,"Transit"
"TOI-4364 b","TOI-4364",5.42401900000,0.0475300000,0.487000,"Transit"
"Kepler-6 b","Kepler-6",3.23469960000,0.0485200000,1.209000,"Transit"
"HATS-33 b","HATS-33",2.54955510000,0.0372700000,1.062000,"Transit"
"TOI-5126 c","TOI-5126",17.89990000000,0.1439000000,1.240000,"Transit"
"TOI-6008 b","TOI-6008",0.85743470000,0.0107770000,0.230000,"Transit"
"HD 181433 c","HD 181433",1018.50000000000,1.8850000000,0.860000,"Radial Velocity"
"HD 104067 c","HD 104067",13.89920000000,0.1058000000,0.820000,"Radial Velocity"
"WASP-175 b","WASP-175",3.06529070000,0.0440300000,1.212000,"Transit"
"KELT-19 A b","KELT-19 A",4.61170930000,0.0637000000,1.620000,"Transit"
"HIP 5763 b","HIP 5763",30.01400000000,0.1700000000,0.720000,"Radial Velocity"
"GJ 15 A c","GJ 15 A",7600.00000000000,5.4000000000,0.380000,"Radial Velocity"
"Kepler-129 c","Kepler-129",82.20000000000,0.3900000000,1.178000,"Transit"
"TOI-6564 b","TOI-6564",3.98541300000,0.0542000000,1.180000,"Transit"
"HIP 65407 b","HIP 65407",28.12500000000,0.1770000000,0.930000,"Radial Velocity"
"HN Lib b","HN Lib",36.11600000000,0.1417000000,0.291000,"Radial Velocity"
"TOI-411 b","HD 22946",4.04029500000,0.0572700000,1.098000,"Transit"
"HD 11964 c","HD 11964",37.91000000000,0.2290000000,0.910000,"Radial Velocity"
"NGTS-13 b","NGTS-13",4.11902700000,0.0549000000,1.300000,"Transit"
"HD 162020 b","HD 162020",8.42820000000,0.0800000000,0.420000,"Radial Velocity"
"HAT-P-37 b","HAT-P-37",2.79743600000,0.0379000000,0.929000,"Transit"
"PSR J1719-1438 b","PSR J1719-1438",0.09070629300,0.0044000000,1.400000,"Pulsar Timing"
"TOI-6330 b","TOI-6330",6.85002460000,0.0576300000,0.531000,"Transit"
"K2-357 b","K2-357",16.34886370000,0.1450000000,0.980000,"Transit"
"Kepler-296 e","Kepler-296",34.14211000000,0.1690000000,0.498000,"Transit"
"K2-325 b","K2-325",6.93000000000,0.0419000000,0.274000,"Transit"
"HIP 74890 b","HIP 74890",822.30000000000,2.1000000000,1.740000,"Radial Velocity"
"Gaia-1 b","Gaia-1",3.05252400000,0.0404700000,0.949000,"Transit"
"TIC 434398831 c","TIC 434398831",6.21029100000,0.0657200000,0.992000,"Transit"
"HD 190984 b","HD 190984",4885.00000000000,5.5000000000,0.910000,"Radial Velocity"
"HD 52265 b","HD 52265",119.27000000000,0.5200000000,1.204000,"Radial Velocity"
"Kepler-296 b","Kepler-296",10.86438400000,0.0790000000,0.498000,"Transit"
"HD 168443 b","HD 168443",58.11187000000,0.2920000000,0.980000,"Radial Velocity"
"HD 190228 b","HD 190228",1143.59858000000,2.4060000000,1.415000,"Radial Velocity"
"TOI-1634 b","TOI-1634",0.98934551000,0.0154400000,0.502000,"Transit"
"HAT-P-58 b","HAT-P-58",4.01383790000,0.0499400000,1.031000,"Transit"
"HD 197037 b","HD 197037",1035.70000000000,2.0700000000,1.110000,"Radial Velocity"
"EPIC 201595106 b","EPIC 201595106",0.87724000000,0.0177000000,0.958000,"Transit"
"BD+49 828 b","BD+49 828",2590.00000000000,4.2000000000,1.520000,"Radial Velocity"
"Kepler-18 c","Kepler-18",7.64159000000,0.0752000000,0.972000,"Transit"
"HD 28471 b","HD 28471",3.16490000000,0.0420000000,0.980000,"Radial Velocity"
"GJ 1137 c","HD 93083",9.64120000000,0.0835000000,0.836000,"Radial Velocity"
"HD 73256 c","HD 73256",2690.00000000000,3.8000000000,1.000000,"Radial Velocity"
"TOI-519 b","TOI-519",1.26523280000,0.0159000000,0.335000,"Transit"
"TOI-4495 b","TOI-4495",2.56699000000,0.0395700000,1.247000,"Transit"
"HD 70642 b","HD 70642",2124.54000000000,3.3180000000,1.078000,"Radial Velocity"
"Kepler-433 b","Kepler-433",5.33408384000,0.0679000000,1.460000,"Transit"
"TOI-3353.01","TOI-3353",4.66579650000,0.0601182180,1.332089,"Transit"
"TYC 2187-512-1 b","TYC 2187-512-1",691.90000000000,1.2200000000,0.498000,"Radial Velocity"
"TOI-942 c","TOI-942",10.15627200000,0.0859800000,0.822000,"Transit"
"K2-19 d","K2-19",2.50827000000,0.0347800000,0.892000,"Transit"
"WASP-124 b","WASP-124",3.37265000000,0.0449000000,1.070000,"Transit"
"TOI-6884 b","TOI-6884",4.80826400000,0.0629000000,1.410000,"Transit"
"TOI-5788 c","TOI-5788",16.21336200000,0.1197000000,0.870000,"Transit"
"GJ 674 b","GJ 674",4.69380000000,0.0390000000,0.350000,"Radial Velocity"
"Kepler-9 d","Kepler-9",1.59285100000,0.0273000000,1.070000,"Transit"
"TOI-1117 c","TOI-1117",4.57900000000,0.0534000000,0.970000,"Radial Velocity"
"TOI-2368 b","TOI-2368",5.17500730000,0.0564900000,0.897000,"Transit"
"V0391 Peg b","V0391 Peg",1170.00000000000,1.7000000000,0.500000,"Pulsation Timing Variations"
"HD 95089 c","HD 95089",1785.00000000000,3.3300000000,1.540000,"Radial Velocity"
"K2-243 c","K2-243",24.94598000000,0.1817000000,1.290000,"Transit"
"TOI-2196 b","TOI-2196",1.19472680000,0.0223400000,1.032000,"Transit"
"TOI-815 c","TOI-815",34.97614500000,0.1930000000,0.776000,"Transit"
"HD 170469 b","HD 170469",1145.00000000000,2.2400000000,1.100000,"Radial Velocity"
"HD 240210 b","HD 240210",501.75000000000,1.1600000000,0.820000,"Radial Velocity"
"HD 165131 b","HD 165131",2342.60000000000,3.5400000000,1.060000,"Radial Velocity"
"Kepler-1977 b","Kepler-1977",4.53702121000,0.0486000000,0.769000,"Transit"
"Kepler-9 b","Kepler-9",19.23891000000,0.1430000000,1.022000,"Transit"
"HD 150010 b","HD 150010",562.00000000000,1.4000000000,1.300000,"Radial Velocity"
"K2-277 b","K2-277",6.32676800000,0.0664000000,0.974000,"Transit"
"ups And b","ups And",4.61703300000,0.0592216600,1.300000,"Radial Velocity"
"TrES-5 b","TrES-5",1.48224686000,0.0245900000,0.901000,"Transit"
"HD 195019 b","HD 195019",18.20132000000,0.1400000000,1.210000,"Radial Velocity"
"Kepler-109 b","Kepler-109",6.48163070000,0.0701000000,1.094000,"Transit"
"TOI-2267 c","TOI-2267 A",3.49504120000,0.0263000000,0.171000,"Transit"
"GJ 3082 b","GJ 3082",11.94900000000,0.0790000000,0.470000,"Radial Velocity"
"HD 125595 b","HD 125595",9.67370000000,0.0800000000,0.290000,"Radial Velocity"
"Kepler-186 d","Kepler-186",13.34299600000,0.0781000000,0.478000,"Transit"
"HATS-42 b","HATS-42",2.29210200000,0.0368900000,1.273000,"Transit"
"Kepler-441 b","Kepler-441",207.24820000000,0.6400000000,0.572000,"Transit"
"TOI-3568 b","TOI-3568",4.41796500000,0.0485000000,0.780000,"Transit"
"HD 30177 c","HD 30177",11320.00000000000,9.9000000000,0.980000,"Radial Velocity"
"HD 129445 b","HD 129445",1840.00000000000,2.9000000000,0.990000,"Radial Velocity"
"TOI-1288 c","TOI-1288",416.00000000000,1.0700000000,0.955200,"Radial Velocity"
"HIP 114933 b","HIP 114933",1481.60000000000,2.8400000000,1.390000,"Radial Velocity"
"HAT-P-45 b","HAT-P-45",3.12899200000,0.0452000000,1.259000,"Transit"
"HD 190647 b","HD 190647",1176.45000000000,2.2310000000,1.069000,"Radial Velocity"
"TIC 9344899 b","TIC 9344899",8.58215660000,0.0815000000,0.980000,"Transit"
"HD 30669 b","HD 30669",1684.00000000000,2.6900000000,0.920000,"Radial Velocity"
"TOI-4961 b","TOI-4961",7.47918200000,0.0726000000,0.912000,"Transit"
"GJ 887 e","GJ 887",4.42490000000,0.0417000000,0.495000,"Radial Velocity"
"WASP-185 b","WASP-185",9.38755000000,0.0904000000,1.120000,"Transit"
"Kepler-970 b","Kepler-970",16.73652500000,0.1390000000,0.670000,"Transit"
"CoRoT-6 b","CoRoT-6",8.88659300000,0.0855000000,1.050000,"Transit"
"HD 221416 b","HD 221416",14.27670000000,0.1228000000,1.212000,"Transit"
"TOI-2537 b","TOI-2537",94.10220000000,0.3715000000,0.771000,"Transit"
"TOI-1824 b","TOI-1824",22.80853300000,0.1510000000,0.880100,"Transit"
"HD 128717 b","HD 128717",3420.00000000000,4.8500000000,1.212000,"Astrometry"
"HD 163607 c","HD 163607",1272.00000000000,2.3900000000,1.120000,"Radial Velocity"
"TOI-283 b","TOI-283",17.61745000000,0.1230000000,0.800000,"Transit"
"Kepler-100 e","Kepler-100",60.88858800000,0.3123915860,1.097000,"Radial Velocity"
"K2-47 b","K2-47",31.63720000000,0.1779000000,0.750000,"Transit"
"TOI-2295 b","TOI-2295",30.03330200000,0.1992000000,1.168000,"Transit"
"BD+14 4559 b","BD+14 4559",268.94000000000,0.7800000000,0.490000,"Radial Velocity"
"HD 79181 b","HD 79181",273.10000000000,0.9000000000,1.280000,"Radial Velocity"
"GJ 3021 b","GJ 3021",133.71000000000,0.4900000000,0.900000,"Radial Velocity"
"HIP 10090 b","HIP 10090",2960.00000000000,3.8700000000,0.940000,"Radial Velocity"
"HD 68402 b","HD 68402",1103.00000000000,2.1800000000,1.120000,"Radial Velocity"
"TOI-277 b","TOI-277",3.99400000000,0.0269000000,0.160000,"Transit"
"Kepler-431 d","Kepler-431",11.92200000000,0.1045000000,1.071000,"Transit"
"XO-2 S d","XO-2 S",4696.00000000000,5.4600000000,0.980000,"Radial Velocity"
"Kepler-186 f","Kepler-186",129.94410000000,0.4320000000,0.544000,"Transit"
"TOI-622 b","TOI-622",6.40251300000,0.0708000000,1.313000,"Transit"
"TIC 365102760 b","TIC 365102760",4.21285367000,0.0622000000,1.170000,"Transit"
"EPIC 201170410.02","EPIC 201170410",6.79870000000,0.0349000000,0.287000,"Transit"
"HD 181234 b","HD 181234",7593.40512000000,7.4270000000,0.940000,"Radial Velocity"
"TOI-3693 b","TOI-3693",9.08851600000,0.0813000000,0.867000,"Transit"
"PSR B1257+12 d","PSR B1257+12",98.21140000000,0.4600000000,1.400000,"Pulsar Timing"
"GJ 667 C f","GJ 667 C",39.02600000000,0.1560000000,0.330000,"Radial Velocity"
"GJ 3512 c","GJ 3512",2354.00000000000,1.7310000000,0.123000,"Radial Velocity"
"TOI-1533 b","TOI-1533",3.64579740000,0.0445000000,0.880000,"Transit"
"TOI-1759 b","TOI-1759",18.85019000000,0.1177000000,0.606000,"Transit"
"WASP-142 b","WASP-142",2.05286800000,0.0347000000,1.330000,"Transit"
"TOI-4034 b","TOI-4034",1.80209320000,0.0328900000,1.190000,"Transit"
"Ross 508 b","Ross 508",10.77000000000,0.0536600000,0.177400,"Radial Velocity"
"91 Aqr b","91 Aqr",181.40000000000,0.7000000000,1.400000,"Radial Velocity"
"Kepler-20 c","Kepler-20",10.85407740000,0.0936000000,0.929000,"Transit"
"HD 77946 b","HD 77946",6.52736300000,0.0730000000,1.197300,"Transit"
"WASP-184 b","WASP-184",5.18170000000,0.0627000000,1.230000,"Transit"
"Kepler-11 c","Kepler-11",13.02410000000,0.1070000000,0.961000,"Transit"
"KOI-4777.01","KOI-4777",0.41200000000,0.0080000000,0.410000,"Transit"
"Kepler-730 c","Kepler-730",2.85188338000,0.0399700000,1.047000,"Transit"
"HD 80883 b","HD 80883",6383.78352000000,6.4620000000,0.880000,"Radial Velocity"
"Wendelstein-2 b","Wendelstein-2",1.75222390000,0.0234000000,0.730000,"Transit"
"TOI-1249 b","TOI-1249",13.07915100000,0.1090000000,1.006200,"Transit"
"HD 117618 b","HD 117618",25.80000000000,0.1800000000,1.077000,"Radial Velocity"
"HD 164604 c","HD 164604",5387.00000000000,5.5560000000,0.770000,"Radial Velocity"
"Kepler-80 f","Kepler-80",0.98678730000,0.0175000000,0.730000,"Transit"
"TOI-858 B b","TOI-858 B",3.27971780000,0.0443500000,1.081000,"Transit"
"HD 196885 A b","HD 196885 A",1333.00000000000,2.3700000000,1.280000,"Radial Velocity"
"BD-210397 c","BD-210397",6240.00000000000,5.9000000000,0.690000,"Radial Velocity"
"HD 17092 b","HD 17092",359.89999000000,1.3100000000,6.730000,"Radial Velocity"
"TOI-4602.01","TOI-4602",3.98129990000,0.0474700000,0.900000,"Transit"
"HATS-11 b","HATS-11",3.61918800000,0.0507000000,1.330000,"Transit"
"TYC 0434-04538-1 b","TYC 0434-04538-1",193.20000000000,0.6600000000,1.040000,"Radial Velocity"
"GJ 676 A e","GJ 676 A",35.47358000000,0.1810000000,0.626000,"Radial Velocity"
"GJ 229 b","GJ 229",579.47495000000,1.0860000000,0.509000,"Radial Velocity"
"K2-360 c","EPIC 201595106",9.79692000000,0.0883000000,0.958000,"Radial Velocity"
"TOI-5398 c","TOI-5398",4.77271000000,0.0570000000,1.146000,"Transit"
"HD 104985 b","HD 104985",199.68000000000,0.7150000000,1.220000,"Radial Velocity"
"GJ 2056 b","GJ 2056",69.97100000000,0.2830000000,0.620000,"Radial Velocity"
"TOI-663 d","TOI-663",7.10272680000,0.0576000000,0.514000,"Transit"
"Kepler-62 b","Kepler-62",5.71493200000,0.0553000000,0.690000,"Transit"
"HD 37124 d","HD 37124",1862.00000000000,2.8070000000,0.850000,"Radial Velocity"
"HD 66428 c","HD 66428",10478.84437000000,9.4080000000,1.010000,"Radial Velocity"
"Kepler-1656 b","Kepler-1656",31.56200000000,0.1974000000,1.030000,"Transit"
"Qatar-7 b","Qatar-7",2.03204600000,0.0352000000,1.409000,"Transit"
"HD 167042 b","HD 167042",417.67000000000,1.2200000000,1.390000,"Radial Velocity"
"WASP-2 b","WASP-2",2.15217500000,0.0314400000,0.895000,"Transit"
"K2-90 b","K2-90",13.73331400000,0.0960000000,0.629000,"Transit"
"Kepler-2000 c","Kepler-2000",20.61803480000,0.1228000000,0.581000,"Transit"
"HD 20781 b","HD 20781",5.31350000000,0.0529000000,0.700000,"Radial Velocity"
"TOI-2096 c","TOI-2096",6.38784000000,0.0400000000,0.231000,"Transit"
"TOI-4463 A b","TOI-4463 A",2.88071980000,0.0403600000,1.056000,"Transit"
"TOI-663 c","TOI-663",4.69555070000,0.0437000000,0.514000,"Transit"
"K2-288 B b","K2-288 B",31.39346300000,0.1640000000,0.330000,"Transit"
"HATS-2 b","HATS-2",1.35413379000,0.0231700000,0.904000,"Transit"
"HD 17674 b","HD 17674",623.80000000000,1.4200000000,0.980000,"Radial Velocity"
"Kepler-5 b","Kepler-5",3.54846570000,0.0538000000,1.374000,"Transit"
"GJ 887 d","GJ 887",50.77000000000,0.2120000000,0.495000,"Radial Velocity"
"BD-08 2823 c","BD-08 2823",237.60000000000,0.6800000000,0.740000,"Radial Velocity"
"TOI-2583 A b","TOI-2583 A",4.52072650000,0.0571000000,1.215000,"Transit"
"TOI-7009 b","TOI-7009",2.32066120000,0.0287000000,0.583000,"Transit"
"HATS-67 b","HATS-67",1.60917880000,0.0303200000,1.435000,"Transit"
"HD 24064 b","HD 24064",535.59998000000,1.2900000000,1.610000,"Radial Velocity"
"TOI-2202 c","TOI-2202",24.67440000000,0.1554400000,0.823000,"Transit Timing Variations"
"HD 11112 b","HD 11112",17244.90764000000,13.3800000000,1.070000,"Radial Velocity"
"G 264-012 c","G 264-012",8.05180000000,0.0525000000,0.297000,"Radial Velocity"
"K2-133 b","K2-133",3.07133000000,0.0319400000,0.461000,"Transit"
"TOI-7384 b","TOI-7384",6.23402580000,0.0439000000,0.318000,"Transit"
"HD 176986 b","HD 176986",6.49164000000,0.0629560000,0.789000,"Radial Velocity"
"Kepler-290 d","Kepler-290",0.76401755300,0.0154000000,0.840000,"Transit"
"K2-119 b","K2-119",7.72728300000,0.0698000000,0.760000,"Transit"
"K2-233 d","K2-233",24.36810000000,0.1516000000,0.790000,"Transit"
"GJ 433 c","GJ 433",5094.10500000000,4.8190000000,0.480000,"Radial Velocity"
"Kepler-43 b","Kepler-43",3.02409490000,0.0460000000,1.320000,"Transit"
"HD 136352 d","HD 136352",107.24500000000,0.4250000000,0.870000,"Radial Velocity"
"HD 191939 c","HD 191939",28.57974300000,0.1752000000,0.810000,"Transit"
"HD 51608 b","HD 51608",14.07260000000,0.1059000000,0.800000,"Radial Velocity"
"HD 124330 b","HD 124330",270.66000000000,0.8600000000,1.150000,"Radial Velocity"
"HD 2685 b","HD 2685",4.12688000000,0.0568000000,1.430000,"Transit"
"Kepler-45 b","Kepler-45",2.45523900000,0.0300000000,0.590000,"Transit"
"K2-87 b","K2-87",9.72661800000,0.0940000000,1.164000,"Transit"
"CoRoT-30 b","CoRoT-30",9.06005000000,0.0844000000,0.980000,"Transit"
"HATS-63 b","HATS-63",3.05665270000,0.0402600000,0.931000,"Transit"
"TOI-1244 b","TOI-1244",6.40031648300,0.0606940000,0.730000,"Transit"
"Kepler-68 e","Kepler-68",3455.00000000000,4.6000000000,1.057000,"Radial Velocity"
"Kepler-102 e","Kepler-102",16.14569940000,0.1162000000,0.803000,"Transit"
"WISE J033605.05-014350.4 b","WISE J033605.05-014350.4",2560.00000000000,0.9700000000,0.013100,"Imaging"
"HD 109286 b","HD 109286",520.10000000000,1.2590000000,0.980000,"Radial Velocity"
"HD 141399 c","HD 141399",201.99000000000,0.6890000000,1.070000,"Radial Velocity"
"HD 192310 c","HD 192310",525.80000000000,1.1800000000,0.800000,"Radial Velocity"
"PSR B1257+12 c","PSR B1257+12",66.54190000000,0.3600000000,1.400000,"Pulsar Timing"
"BD+48 740 b","BD+48 740",733.00000000000,1.7000000000,1.090000,"Radial Velocity"
"HD 42618 b","HD 42618",149.61000000000,0.5540000000,1.015000,"Radial Velocity"
"Kepler-443 b","Kepler-443",177.66930000000,0.4950000000,0.738000,"Transit"
"K2-131 b","K2-131",0.36930380000,0.0093600000,0.803000,"Transit"
"GJ 1148 c","GJ 1148",532.58000000000,0.9120000000,0.344045,"Radial Velocity"
"K2-32 c","K2-32",20.66093000000,0.1384300000,0.830000,"Transit"
"HD 204313 e","HD 204313",7325.64666000000,7.4570000000,1.030000,"Radial Velocity"
"HD 213885 c","HD 213885",4.78503000000,0.0567980000,1.068000,"Radial Velocity"
"Kepler-139 e","Kepler-139",2047.63537300000,3.2357963900,1.078000,"Radial Velocity"
"TOI-942 b","TOI-942",4.32421000000,0.0486600000,0.822000,"Transit"
"YZ Cet c","YZ Cet",3.05989000000,0.0215600000,0.142000,"Radial Velocity"
"HD 102843 b","HD 102843",3090.94200000000,4.0740000000,0.950000,"Radial Velocity"
"Kepler-1994 b","Kepler-1994",4.61225043000,0.0530000000,0.932000,"Transit"
"Kepler-435 b","Kepler-435",8.60015360000,0.0948000000,1.538000,"Transit"
"K2-272 b","K2-272",14.45367560000,0.1007000000,0.860000,"Transit"
"HD 152581 b","HD 152581",686.50000000000,1.6600000000,1.300000,"Radial Velocity"
"K2-138 f","K2-138",12.75758000000,0.1044700000,0.935000,"Transit"
"Kepler-139 d","Kepler-139",7.30569992200,0.0755533961,1.078000,"Transit"
"HIP 116454 b","HIP 116454",9.10041570000,0.0792000000,0.800000,"Transit"
"TOI-3837 b","TOI-3837",11.88865000000,0.0990000000,0.890000,"Transit"
"TOI-172 b","TOI-172",9.47725000000,0.0914000000,1.128000,"Transit"
"TOI-1533 c","TOI-1533",8.06379260000,0.0760000000,0.880000,"Transit"
"HD 105618 b","HD 105618",10.02245000000,0.0910000000,1.010000,"Radial Velocity"
"WASP-79 b","WASP-79",3.66239200000,0.0519000000,1.390000,"Transit"
"HD 21749 c","GJ 143",7.78993000000,0.0695000000,0.730000,"Transit"
"TIC 237913194 b","TIC 237913194",15.16886500000,0.1207000000,1.026000,"Transit"
"HD 142245 b","HD 142245",1299.00000000000,2.7800000000,3.500000,"Radial Velocity"
"HATS-27 b","HATS-27",4.63703800000,0.0611000000,1.415000,"Transit"
"K2-72 c","K2-72",15.18903400000,0.0780000000,0.271365,"Transit"
"HD 11755 b","HD 11755",433.70001000000,1.0900000000,0.720000,"Radial Velocity"
"KOI-351 e","KOI-351",91.93913000000,0.4200000000,1.200000,"Transit"
"tau Gem b","tau Gem",305.50000000000,1.1700000000,2.300000,"Radial Velocity"
"Kepler-11 g","Kepler-11",118.38070000000,0.4660000000,0.961000,"Transit"
"HD 210702 b","HD 210702",355.50000000000,1.0790000000,1.330000,"Radial Velocity"
"NGTS-35 b","NGTS-35",25.24119200000,0.1600000000,0.789000,"Transit"
"Kepler-47 c","Kepler-47",303.22700000000,0.9638000000,0.957000,"Transit"
"Kepler-42 d","Kepler-42",1.86516900000,0.0154000000,0.130000,"Transit"
"HD 21693 c","HD 21693",53.73570000000,0.2586000000,0.800000,"Radial Velocity"
"TOI-5076 b","TOI-5076",23.44316200000,0.1481000000,0.789000,"Transit"
"HD 109246 b","HD 109246",68.27000000000,0.3300000000,1.200000,"Radial Velocity"
"Kepler-539 c","Kepler-539",1000.00000000000,2.4200000000,1.048000,"Transit Timing Variations"
"HD 111232 c","HD 111232",26472.44623000000,17.2500000000,0.960000,"Radial Velocity"
"TIC 279401253 b","TIC 279401253",76.80000000000,0.3690000000,1.130000,"Transit"
"HIP 109384 b","HIP 109384",499.48000000000,1.1340000000,0.780000,"Radial Velocity"
"K2-291 b","K2-291",2.22517700000,0.0326100000,0.934000,"Transit"
"TOI-2346 b","TOI-2346",3.33120290000,0.0473000000,1.271000,"Transit"
"TOI-6716 b","TOI-6716",4.71858980000,0.0319000000,0.223000,"Transit"
"K2-157 c","K2-157",25.94200000000,0.1650000000,0.890000,"Radial Velocity"
"TOI-663 b","TOI-663",2.59890200000,0.0295000000,0.514000,"Transit"
"Kepler-442 b","Kepler-442",112.30530000000,0.4090000000,0.609000,"Transit"
"TOI-2580 b","TOI-2580",3.39775000000,0.0480000000,1.330000,"Transit"
"TOI-5218 b","TOI-5218",4.29145200000,0.0469000000,0.739000,"Transit"
"TOI-1752 c","TOI-1752",32.71443000000,0.1614000000,0.524000,"Transit"
"HD 93385 b","HD 93385",7.34260000000,0.0756000000,1.040000,"Radial Velocity"
"K2-91 b","K2-91",1.41954900000,0.0164000000,0.292000,"Transit"
"GJ 896 A b","GJ 896 A",284.39000000000,0.6396500000,0.435990,"Astrometry"
"HD 13908 b","HD 13908",19.38200000000,0.1540000000,1.290000,"Radial Velocity"
"TOI-5300 b","TOI-5300",2.26219600000,0.0295000000,0.670000,"Transit"
"GJ 9714 b","GJ 9714",19240.75467000000,12.3190000000,0.670000,"Radial Velocity"
"CoRoT-9 b","CoRoT-9",95.27265600000,0.4021000000,0.960000,"Transit"
"Kepler-1981 b","Kepler-1981",453.54212000000,1.3292000000,1.519000,"Transit"
"HAT-P-4 b","HAT-P-4",3.05653600000,0.0443800000,1.248000,"Transit"
"MASCARA-4 b","MASCARA-4",2.82409320000,0.0474000000,1.750000,"Transit"
"TIC 279401253 c","TIC 279401253",155.30000000000,0.5910000000,1.130000,"Transit"
"AT2021ueyL b","AT2021ueyL",4168.69000000000,4.0100000000,0.490000,"Microlensing"
"TOI-5110 b","TOI-5110",30.15857700000,0.2157000000,1.469000,"Transit"
"HD 219415 b","HD 219415",2093.30000000000,3.2000000000,1.000000,"Radial Velocity"
"K2-125 b","K2-125",21.75026400000,0.1210000000,0.494727,"Transit"
"HD 93963 A c","HD 93963 A",3.64513890000,0.0472600000,1.084400,"Transit"
"Kepler-1996 c","Kepler-1996",92.72972480000,0.3608000000,0.748000,"Transit"
"MOA-2009-BLG-266L b","MOA-2009-BLG-266L",2800.00000000000,3.2000000000,0.560000,"Microlensing"
"KOI-1257 b","KOI-1257",86.64766100000,0.3820000000,0.990000,"Transit"
"TOI-1744.01","TOI-1744",22.34170292700,0.1640860000,1.180000,"Transit"
"TOI-1451 b","TOI-1451",16.53794400000,0.1270000000,1.002200,"Transit"
"TOI-1691 b","TOI-1691",16.73688893500,0.1293650000,1.030000,"Transit"
"TIC 4672985 b","TIC 4672985",69.04800000000,0.3300000000,1.010000,"Transit"
"CoRoT-20 c","CoRoT-20",1675.00000000000,2.9000000000,1.140000,"Radial Velocity"
"TOI-1246 b","TOI-1246",4.30744000000,0.0490000000,0.870000,"Transit"
"HIP 8152 b","HIP 8152",10.75101400000,0.0930000000,0.937300,"Transit"
"HD 101930 b","HD 101930",70.46000000000,0.3000000000,0.570000,"Radial Velocity"
"CoRoT-18 b","CoRoT-18",1.90006930000,0.0295000000,0.950000,"Transit"
"GJ 433 b","GJ 433",7.37050000000,0.0620000000,0.480000,"Radial Velocity"
"HD 80869 b","HD 80869",1752.92067000000,2.9050000000,1.060000,"Radial Velocity"
"HD 85390 b","HD 85390",799.52000000000,1.3730000000,0.758000,"Radial Velocity"
"TOI-2969 b","TOI-2969",1.82371460000,0.0261000000,0.710000,"Transit"
"PSR B1257+12 b","PSR B1257+12",25.26200000000,0.1900000000,1.400000,"Pulsar Timing"
"TOI-5624 c","TOI-5624",7.88538500000,0.0737400000,0.858000,"Transit"
"TOI-1266 b","TOI-1266",10.89450000000,0.0730000000,0.437000,"Transit"
"TOI-1782.01","TOI-1782",4.98764102800,0.0502400000,0.680000,"Transit"
"HD 22532 b","HD 22532",872.60000000000,1.9000000000,1.570000,"Radial Velocity"
"CoRoT-13 b","CoRoT-13",4.03519000000,0.0510000000,1.090000,"Transit"
"TOI-1278 b","TOI-1278",14.47567000000,0.0950000000,0.540000,"Transit"
"HIP 111909 b","HIP 111909",487.08000000000,1.3200000000,1.280000,"Radial Velocity"
"HD 285507 b","HD 285507",6.08810000000,0.0600000000,0.820000,"Radial Velocity"
"TOI-532 b","TOI-532",2.32665080000,0.0296000000,0.639000,"Transit"
"24 Sex b","24 Sex",452.80000000000,1.3330000000,1.540000,"Radial Velocity"
"WASP-170 b","WASP-170",2.34478022000,0.0337000000,0.930000,"Transit"
"HIP 10090 c","HIP 10090",321.82000000000,0.9000000000,0.940000,"Radial Velocity"
"HD 208897 b","HD 208897",358.27000000000,1.0630000000,1.250000,"Radial Velocity"
"XO-2 N b","XO-2 N",2.61585906000,0.0366600000,0.960000,"Transit"
"Kepler-1704 b","Kepler-1704",988.88112000000,2.0270000000,1.132000,"Transit"
"DENIS-P J082303.1-491201 b","DENIS-P J082303.1-491201",246.36000000000,0.3600000000,0.075000,"Astrometry"
"Kepler-1987 e","Kepler-1987",8.74292005000,0.0765000000,0.799000,"Transit"
"GJ 667 C g","GJ 667 C",256.20000000000,0.5490000000,0.330000,"Radial Velocity"
"XO-5 b","XO-5",4.18775580000,0.0515000000,1.040000,"Transit"
"G 192-15 b","G 192-15",2.27476000000,0.0172300000,0.132000,"Radial Velocity"
"HD 217786 b","HD 217786",1301.36009000000,2.4460000000,1.140000,"Radial Velocity"
"TOI-1295 b","TOI-1295",3.19688380000,0.0470000000,1.380000,"Transit"
"POTS-1 b","POTS-1",3.16062960000,0.0373400000,0.695000,"Transit"
"HD 25463 b","HD 25463",7.04914230000,0.0760000000,1.251000,"Transit"
"HD 164509 b","HD 164509",280.17000000000,0.8700000000,1.120000,"Radial Velocity"
"TOI-3629 b","TOI-3629",3.93655100000,0.0430000000,0.630000,"Transit"
"HD 80913 b","HD 80913",10839.83341000000,9.9500000000,1.110000,"Radial Velocity"
"K2-319 b","K2-319",26.68000000000,0.1516000000,0.954000,"Transit"
"HD 43197 b","HD 43197",308.92072000000,0.8820000000,0.960000,"Radial Velocity"
"TOI-558 b","TOI-558",14.57407100000,0.1291000000,1.349000,"Transit"
"Kepler-424 b","Kepler-424",3.31186440000,0.0440000000,1.010000,"Transit"
"HD 46375 b","HD 46375",3.02357300000,0.0398000000,0.920000,"Radial Velocity"
"K2-258 b","K2-258",19.09210000000,0.1490000000,1.210000,"Transit"
"K2-9 b","K2-9",18.44980000000,0.0910000000,0.300000,"Transit"
"HD 23472 f","HD 23472",12.16218390000,0.0906000000,0.670000,"Transit"
"TOI-2989 b","TOI-2989",3.12283200000,0.0384000000,0.770000,"Transit"
"Kepler-1859 c","Kepler-1859",3.59645081000,0.0473000000,1.090000,"Transit"
"TIC 139270665 b","TIC 139270665",23.62400000000,0.1630000000,1.035000,"Transit"
"GJ 180 b","GJ 180",17.13300000000,0.0920000000,0.430000,"Radial Velocity"
"LHS 1678 c","LHS 1678",3.69428400000,0.0327000000,0.345000,"Transit"
"HD 285968 b","HD 285968",8.78360000000,0.0660000000,0.500000,"Radial Velocity"
"eps Eri b","eps Eri",2680.00000000000,3.5300000000,0.820000,"Radial Velocity"
"TOI-5720 b","TOI-5720",1.43445550000,0.0182880000,0.383000,"Transit"
"TOI-4603 b","TOI-4603",7.24599000000,0.0888000000,1.765000,"Transit"
"HIP 4845 b","HIP 4845",34.15000000000,0.1760000000,0.620000,"Radial Velocity"
"Kepler-33 e","Kepler-33",31.78440000000,0.2138000000,1.291000,"Transit"
"TOI-6651 b","TOI-6651",5.05697300000,0.0633000000,1.323000,"Transit"
"TOI-791 c","TOI-791",232.01570000000,0.8630000000,1.280000,"Transit"
"K2-290 b","K2-290",9.21165000000,0.0923000000,1.194000,"Transit"
"HD 192310 b","HD 192310",74.72000000000,0.3200000000,0.800000,"Radial Velocity"
"HATS-47 b","HATS-47",3.92280380000,0.0426900000,0.674000,"Transit"
"GJ 682 c","GJ 682",57.32000000000,0.1760000000,0.270000,"Radial Velocity"
"HD 40307 c","HD 40307",9.61840000000,0.0799000000,0.770000,"Radial Velocity"
"HD 141004 b","HD 141004",15.50830000000,0.1238000000,1.051904,"Radial Velocity"
"HD 42012 b","HD 42012",857.50000000000,1.6700000000,0.830000,"Radial Velocity"
"GJ 160.2 b","GJ 160.2",5.23540000000,0.0530000000,0.690000,"Radial Velocity"
"TOI-2589 b","TOI-2589",61.62770000000,0.3000000000,0.930000,"Transit"
"TOI-2180 b","TOI-2180",260.79000000000,0.8280000000,1.111000,"Transit"
"HAT-P-69 b","HAT-P-69",4.78694910000,0.0655500000,1.648000,"Transit"
"HD 332231 b","HD 332231",18.71202400000,0.1450000000,1.164200,"Transit"
"EPIC 211945201 b","EPIC 211945201",19.49221000000,0.1493000000,1.170000,"Transit"
"Kepler-38 b","Kepler-38",105.59900000000,0.4632000000,0.941000,"Transit"
"K2-254 b","K2-254",4.09639000000,0.0448000000,0.710000,"Transit"
"HD 200964 c","HD 200964",852.50000000000,1.9600000000,1.390000,"Radial Velocity"
"KOI-3680 b","KOI-3680",141.24167100000,0.5340000000,1.010000,"Transit"
"K2-136 d","K2-136",25.57500000000,0.1538000000,0.742000,"Transit"
"Kepler-103 b","Kepler-103",15.96532870000,0.1330000000,1.212000,"Transit"
"TOI-912 b","TOI-912",4.67806910000,0.0410000000,0.418000,"Transit"
"HR 858 c","HR 858",5.97386500000,0.0687000000,1.204000,"Transit"
"Kepler-1983 b","Kepler-1983",7.32851947000,0.0689000000,0.812000,"Transit"
"K2-138 b","K2-138",2.35309000000,0.0338500000,0.935000,"Transit"
"HATS-31 b","HATS-31",3.37796000000,0.0478000000,1.275000,"Transit"
"KOI-1599.01","KOI-1599",20.44150000000,0.1472800000,1.020000,"Transit"
"K2-240 b","K2-240",6.03400000000,0.0513000000,0.580000,"Transit"
"HD 81817 b","HD 81817",1021.20159000000,3.2330000000,4.300000,"Radial Velocity"
"TOI-654.01","TOI-654",1.52756100000,0.0194400000,0.419000,"Transit"
"HIP 8923 b","HIP 8923",5160.00000000000,5.9000000000,1.010000,"Radial Velocity"
"K2-35 b","K2-35",2.39996400000,0.0310000000,0.701968,"Transit"
"XO-2 S c","XO-2 S",120.05900000000,0.4737000000,0.980000,"Radial Velocity"
"TOI-1301.01","TOI-1301",6.09640720900,0.0598660000,0.770000,"Transit"
"HD 60532 c","HD 60532",600.10000000000,1.6000000000,1.500000,"Radial Velocity"
"CoRoT-36 b","CoRoT-36",5.61653100000,0.0660000000,1.320000,"Transit"
"K2-69 b","K2-69",7.06599000000,0.0591000000,0.551000,"Transit"
"HATS-66 b","HATS-66",3.14143910000,0.0471400000,1.411000,"Transit"
"Kepler-11 e","Kepler-11",31.99960000000,0.1950000000,0.961000,"Transit"
"TOI-669 b","TOI-669",3.94515200000,0.0480000000,0.924500,"Transit"
"K2-95 b","K2-95",10.13464540000,0.0525000000,0.410000,"Transit"
"gam Lib b","gam Lib",414.88000000000,1.3190000000,1.780000,"Radial Velocity"
"HD 158038 b","HD 158038",521.00000000000,1.5000000000,1.300000,"Radial Velocity"
"K2-222 b","K2-222",15.38892740000,0.1186000000,0.940000,"Transit"
"TOI-5143 c","TOI-5143",5.20971180000,0.0560200000,0.864000,"Transit"
"HD 141937 b","HD 141937",662.37000000000,1.5400000000,1.090000,"Radial Velocity"
"HAT-P-52 b","HAT-P-52",2.75359530000,0.0369400000,0.887000,"Transit"
"HD 25171 b","HD 25171",1802.29000000000,2.9710000000,1.076000,"Radial Velocity"
"TOI-4487 A b","TOI-4487 A",3.95407090000,0.0544800000,1.378000,"Transit"
"K2-68 b","K2-68",8.05428000000,0.0708000000,0.730000,"Transit"
"NGTS-17 b","NGTS-17",3.24253000000,0.0391000000,1.025000,"Transit"
"TOI-7166 b","TOI-7166",12.92063621000,0.0619100000,0.190000,"Transit"
"Kepler-1814 c","Kepler-1814",0.62628176600,0.0133000000,0.790000,"Transit"
"HD 134987 b","HD 134987",258.17999000000,0.8100000000,1.100000,"Radial Velocity"
"HD 189567 c","HD 189567",33.68800000000,0.1970000000,0.830000,"Radial Velocity"
"Kepler-1652 b","Kepler-1652",38.09722000000,0.1654000000,0.404000,"Transit"
"Teegarden's Star c","Teegarden's Star",11.41600000000,0.0455000000,0.097000,"Radial Velocity"
"HD 28678 b","HD 28678",380.20000000000,1.1800000000,1.530000,"Radial Velocity"
"TOI-5386 A b","TOI-5386 A",3.62156552000,0.0485600000,1.165000,"Transit"
"TOI-2641 b","TOI-2641",4.88097400000,0.0607000000,1.160000,"Transit"
"HD 83443 b","HD 83443",2.98562800000,0.0406000000,1.000000,"Radial Velocity"
"omi UMa b","omi UMa",1569.81000000000,3.6910000000,2.720000,"Radial Velocity"
"BD-10 3166 b","BD-10 3166",3.48777000000,0.0400000000,1.470000,"Radial Velocity"
"HATS-71 b","HATS-71",3.79552020000,0.0374500000,0.486100,"Transit"
"TOI-1648 b","TOI-1648",7.33160200000,0.0694000000,0.830000,"Transit"
"GJ 3138 c","GJ 3138",5.97400000000,0.0570000000,0.681000,"Radial Velocity"
"WASP-187 b","WASP-187",5.14787800000,0.0653000000,1.540000,"Transit"
"GJ 180 d","GJ 180",106.30000000000,0.3090000000,0.430000,"Radial Velocity"
"TOI-1659.01","TOI-1659",5.87755632800,0.0657570000,1.100000,"Transit"
"Kepler-1991 c","Kepler-1991",22.79020351000,0.1528000000,0.914000,"Transit"
"NGTS-27 b","NGTS-27",3.37041810000,0.0446000000,1.070000,"Transit"
"HD 82943 c","HD 82943",220.07800000000,0.7434500000,1.080000,"Radial Velocity"
"HIP 35965 b","HIP 35965",26125.56497000000,15.8980000000,0.780000,"Radial Velocity"
"CoRoT-31 b","CoRoT-31",4.62941000000,0.0586000000,1.250000,"Transit"
"NGTS-31 b","NGTS-31",4.16273400000,0.0640000000,0.960000,"Transit"
"HD 143361 b","HD 143361",1039.15000000000,1.9880000000,0.968000,"Radial Velocity"
"HD 132563 b","HD 132563",1544.00000000000,2.6200000000,1.231000,"Radial Velocity"
"TOI-1710 b","TOI-1710",24.28336000000,0.1652000000,1.020000,"Transit"
"Kepler-102 d","Kepler-102",10.31176700000,0.0861800000,0.803000,"Transit"
"WASP-132 b","WASP-132",7.13351640000,0.0674000000,0.789000,"Transit"
"GJ 229 A c","GJ 229",121.93268000000,0.3840000000,0.509000,"Radial Velocity"
"MOA-2009-BLG-387L b","MOA-2009-BLG-387L",1980.00000000000,1.8000000000,0.190000,"Microlensing"
"HAT-P-70 b","HAT-P-70",2.74432452000,0.0473900000,1.890000,"Transit"
"HD 331093 b","HD 331093",621.62000000000,1.4400000000,1.030000,"Radial Velocity"
"HIP 38594 c","HIP 38594",3477.76800000000,3.8050000000,0.610000,"Radial Velocity"
"HD 196050 b","HD 196050",1392.00000000000,2.6500000000,1.270000,"Radial Velocity"
"HATS-77 b","HATS-77",3.08762620000,0.0360700000,0.655000,"Transit"
"Kepler-10 d","Kepler-10",151.06000000000,0.5379000000,0.910000,"Radial Velocity"
"KELT-23 A b","KELT-23 A",2.25525100000,0.0330200000,0.944000,"Transit"
"HD 35843 c","HD 35843",46.96220000000,0.2500000000,0.940000,"Transit"
"Kepler-69 c","Kepler-69",242.46130000000,0.6400000000,0.810000,"Transit"
"UZ For b","UZ For",5840.00000000000,5.9000000000,0.700000,"Eclipse Timing Variations"
"OGLE-TR-10 b","OGLE-TR-10",3.10127800000,0.0434000000,1.140000,"Transit"
"HD 131496 b","HD 131496",896.00000000000,2.0100000000,1.340000,"Radial Velocity"
"K2-17 b","K2-17",17.96753000000,0.1190000000,0.710000,"Transit"
"K2-188 b","K2-188",1.74216900000,0.0289000000,1.060000,"Transit"
"K2-38 b","K2-38",4.01593000000,0.0499400000,1.030000,"Transit"
"LHS 3154 b","LHS 3154",3.71778000000,0.0226200000,0.111800,"Radial Velocity"
"HATS-17 b","HATS-17",16.25461100000,0.1308000000,1.131000,"Transit"
"HD 183263 c","HD 183263",4667.97841000000,5.5850000000,1.060000,"Radial Velocity"
"HD 88072 b","HD 88072",18538.79293000000,13.8950000000,1.040000,"Radial Velocity"
"K2-140 b","K2-140",6.56918800000,0.0680000000,0.960000,"Transit"
"K2-284 b","K2-284",4.79506900000,0.0477100000,0.630000,"Transit"
"HD 161178 b","HD 161178",279.30000000000,0.8500000000,1.060000,"Radial Velocity"
"TOI-4791 b","TOI-4791",4.28088000000,0.0555000000,1.242000,"Transit"
"HD 156279 c","HD 156279",4818.25358000000,5.4860000000,0.940000,"Radial Velocity"
"TOI-5082.01","TOI-5082",4.24012200000,0.0512048420,0.996650,"Transit"
"HD 100655 b","HD 100655",157.57001000000,0.6800000000,2.280000,"Radial Velocity"
"GJ 3988 b","GJ 3988",6.94420000000,0.0405000000,0.184200,"Radial Velocity"
"HD 180902 b","HD 180902",510.90000000000,1.4000000000,1.410000,"Radial Velocity"
"Kepler-549 d","Kepler-549",24.61480613000,0.1575000000,0.859000,"Transit"
"HD 126525 b","HD 126525",960.41000000000,1.8370000000,0.897000,"Radial Velocity"
"HD 88133 b","HD 88133",3.41488400000,0.0479000000,1.260000,"Radial Velocity"
"TOI-1296 b","TOI-1296",3.94437360000,0.0510000000,1.157600,"Transit"
"HD 23472 b","HD 23472",17.66708700000,0.1162000000,0.670000,"Transit"
"HD 219134 c","HD 219134",6.76458000000,0.0653000000,0.810000,"Radial Velocity"
"TOI-4773 b","TOI-4773",1.74528510000,0.0321600000,1.452000,"Transit"
"WASP-173 A b","WASP-173 A",1.38665318000,0.0248000000,1.050000,"Transit"
"HD 220074 b","HD 220074",672.09998000000,1.6000000000,2.200000,"Radial Velocity"
"PZ Tel b","PZ Tel",44000.00000000000,27.0000000000,1.360000,"Imaging"
"GJ 1289 b","GJ 1289",111.74000000000,0.2700000000,0.210000,"Radial Velocity"
"HD 76700 b","HD 76700",3.97097000000,0.0500000000,0.990000,"Radial Velocity"
"TOI-3474 b","TOI-3474",3.87951050000,0.0502000000,1.121000,"Transit"
"WASP-138 b","WASP-138",3.63443300000,0.0494000000,1.220000,"Transit"
"HD 62549 b","HD 62549",14306.88519000000,11.8420000000,1.080000,"Radial Velocity"
"HD 39855 b","HD 39855",3.24980000000,0.0410000000,0.870000,"Radial Velocity"
"HD 96700 d","HD 96700",103.50000000000,0.4240000000,0.890000,"Radial Velocity"
"HD 100777 b","HD 100777",383.00000000000,1.0600000000,1.080000,"Radial Velocity"
"HIP 5158 c","HIP 5158",9017.76000000000,7.7000000000,0.780000,"Radial Velocity"
"HD 13189 b","HD 13189",471.60001000000,1.2500000000,2.240000,"Radial Velocity"
"K2-97 b","K2-97",8.40711500000,0.0854000000,1.170000,"Transit"
"TOI-163 b","TOI-163",4.23130600000,0.0580000000,1.435200,"Transit"
"HATS-55 b","HATS-55",4.20420010000,0.0541200000,1.195500,"Transit"
"HATS-64 b","HATS-64",4.90889700000,0.0656200000,1.564000,"Transit"
"HD 150706 b","HD 150706",5894.00000000000,6.7000000000,1.170000,"Radial Velocity"
"TOI-1246 d","TOI-1246",18.65487400000,0.1320000000,0.888900,"Transit"
"TOI-3071 b","TOI-3071",1.26693800000,0.0249000000,1.290000,"Transit"
"HD 93351 b","HD 93351",2.45946000000,0.0350000000,0.940000,"Radial Velocity"
"Kepler-454 c","Kepler-454",524.19000000000,1.2870000000,1.030000,"Radial Velocity"
"Barnard e","Barnard's star",6.73920000000,0.0381000000,0.162000,"Radial Velocity"
"HD 72659 c","HD 72659",35500.00000000000,21.5000000000,1.033000,"Radial Velocity"
"K2-416 b","K2-416",13.10200000000,0.0880000000,0.548000,"Transit"
"K2-133 d","K2-133",11.02454000000,0.0748700000,0.461000,"Transit"
"HAT-P-39 b","HAT-P-39",3.54387000000,0.0509000000,1.404000,"Transit"
"HD 210277 b","HD 210277",442.19000000000,1.1300000000,1.010000,"Radial Velocity"
"Kepler-31 b","Kepler-31",20.86130000000,0.1600000000,1.210000,"Transit"
"HD 11343 c","HIP 8541",228.53731000000,0.9230000000,2.009000,"Radial Velocity"
"HATS-24 b","HATS-24",1.34849780000,0.0238000000,1.070000,"Transit"
"TOI-5726.01","TOI-5726",5.49112521500,0.0621860000,1.060000,"Transit"
"TOI-5340 b","TOI-5340",4.93943920000,0.0628000000,1.350000,"Transit"
"HD 5319 c","HD 5319",872.20000000000,1.9300000000,1.270000,"Radial Velocity"
"HD 50554 c","HD 50554",5.96936200000,0.0652000000,1.040000,"Transit"
"HD 133131 A c","HD 133131 A",3568.00000000000,4.4900000000,0.950000,"Radial Velocity"
"TOI-969 b","TOI-969",1.82373050000,0.0263600000,0.734000,"Transit"
"TOI-5422 b","TOI-5422",5.37721900000,0.0619000000,1.066000,"Transit"
"HD 204313 c","HD 204313",34.95875000000,0.2110000000,1.030000,"Radial Velocity"
"Kepler-1986 b","Kepler-1986",19.54896660000,0.1307000000,0.776000,"Transit"
"HD 164922 b","HD 164922",1207.00000000000,2.1600000000,0.926000,"Radial Velocity"
"EPIC 246851721 b","EPIC 246851721",6.18023500000,0.0722900000,1.317000,"Transit"
"Kepler-33 c","Kepler-33",13.17562000000,0.1189000000,1.291000,"Transit"
"Kepler-21 b","Kepler-21",2.78582120000,0.0434000000,1.408000,"Transit"
"HD 73267 c","HD 73267",17071.78045000000,12.6880000000,0.930000,"Radial Velocity"
"HD 20781 d","HD 20781",29.15800000000,0.1647000000,0.700000,"Radial Velocity"
"HD 95872 b","HD 95872",4375.00000000000,5.1500000000,0.700000,"Radial Velocity"
"HD 137496 c","HD 137496",479.90000000000,1.2163000000,1.040000,"Radial Velocity"
"HD 4113 b","HD 4113",526.52390000000,1.2800000000,1.008000,"Radial Velocity"
"HD 9446 c","HD 9446",192.90000000000,0.6540000000,1.000000,"Radial Velocity"
"HD 13808 b","HD 13808",14.18150000000,0.1051900000,0.771000,"Radial Velocity"
"75 Cet c","75 Cet",2051.62000000000,3.9290000000,1.920000,"Radial Velocity"
"81 Cet b","81 Cet",1005.57000000000,2.1040000000,1.230000,"Radial Velocity"
"HR 858 d","HR 858",11.23051100000,0.1046000000,1.204000,"Transit"
"HD 18143 b","HD 18143",10.28510000000,0.0880000000,0.850000,"Radial Velocity"
"HD 20794 f","HD 20794",647.60000000000,1.3541000000,0.790000,"Radial Velocity"
"HD 24040 c","HD 24040",515.40000000000,1.3000000000,1.103940,"Radial Velocity"
"HD 31527 c","HD 31527",51.20530000000,0.2663000000,0.960000,"Radial Velocity"
"HD 34445 c","HD 34445",214.67000000000,0.7181000000,1.070000,"Radial Velocity"
"HD 290327 b","HD 290327",2443.00000000000,3.4300000000,0.840000,"Radial Velocity"
"HD 37605 b","HD 37605",55.01292000000,0.2770000000,0.940000,"Radial Velocity"
"HD 184010 c","HD 184010",484.30000000000,1.3340000000,1.350000,"Radial Velocity"
"HD 217958 b","HD 217958",2560.19774000000,3.7580000000,1.080000,"Radial Velocity"
"tau Cet g","tau Cet",20.00000000000,0.1330000000,0.783000,"Radial Velocity"
"HD 219134 h","HD 219134",2247.00000000000,3.1100000000,0.794000,"Radial Velocity"
"TOI-4495 c","TOI-4495",5.18553000000,0.0632300000,1.247000,"Transit"
"HD 8574 b","HD 8574",227.00000000000,0.7600000000,1.340000,"Radial Velocity"
"TOI-238 c","TOI-238",8.46565100000,0.0749000000,0.790000,"Radial Velocity"
"TOI-5349 b","TOI-5349",3.31792100000,0.0369000000,0.610000,"Transit"
"TOI-5319 b","TOI-5319",4.07853000000,0.0506000000,0.500000,"Transit"
"K2-250 b","K2-250",4.01392000000,0.0460600000,0.809000,"Transit"
"TOI-1410.01","TOI-1410",1.21687000000,0.0207000000,0.794100,"Transit"
"K2-35 c","K2-35",5.60835200000,0.0550000000,0.701968,"Transit"
"Kepler-16 b","Kepler-16",228.77600000000,0.7048000000,0.689700,"Transit"
"HIP 67851 c","HIP 67851",3128.41000000000,4.5500000000,1.280000,"Radial Velocity"
"TOI-564 b","TOI-564",1.65114400000,0.0273400000,0.998000,"Transit"
"HD 23472 d","HD 23472",3.97664000000,0.0429800000,0.670000,"Transit"
"HATS-40 b","HATS-40",3.26427360000,0.0499700000,1.561000,"Transit"
"HD 109988 b","HD 109988",17132.15854000000,12.5180000000,0.880000,"Radial Velocity"
"DMPP-1 c","DMPP-1",10.03000000000,0.0973000000,1.210000,"Radial Velocity"
"K2-148 c","K2-148",6.92260000000,0.0616000000,0.650000,"Transit"
"TIC 87422071 b","TIC 87422071",11.36492900000,0.1060000000,1.239000,"Transit"
"HD 22946 d","HD 22946",47.42489000000,0.2958000000,1.098000,"Transit"
"HIP 111909 c","HIP 111909",893.63000000000,1.9700000000,1.280000,"Radial Velocity"
"HD 77338 b","HD 77338",5.73610000000,0.0600000000,1.370000,"Radial Velocity"
"TOI-2010 b","TOI-2010",141.83402500000,0.5516000000,1.112000,"Transit"
"K2-36 c","K2-36",5.34088800000,0.0552800000,0.790000,"Transit"
"HD 108874 c","HD 108874",1624.00000000000,2.6590000000,0.950000,"Radial Velocity"
"Kepler-56 b","Kepler-56",10.50160000000,0.1028000000,1.320000,"Transit"
"Kepler-413 b","Kepler-413",66.26200000000,0.3553000000,0.820000,"Transit"
"HD 136418 b","HD 136418",464.29999000000,1.2900000000,1.480000,"Radial Velocity"
"K2-122 b","K2-122",2.21930230000,0.0373000000,0.630000,"Transit"
"HD 156279 b","HD 156279",133.40355000000,0.5020000000,0.940000,"Radial Velocity"
"TOI-5344 b","TOI-5344",3.79262200000,0.0404100000,0.612000,"Transit"
"HD 64114 b","HD 64114",45.79100000000,0.2460000000,0.950000,"Radial Velocity"
"HD 40307 d","HD 40307",20.43200000000,0.1321000000,0.770000,"Radial Velocity"
"HD 40979 b","HD 40979",264.14999000000,0.8500000000,1.450000,"Radial Velocity"
"HD 44219 b","HD 44219",472.00000000000,1.2600000000,1.200000,"Radial Velocity"
"HD 45184 b","HD 45184",5.88540000000,0.0644000000,1.030000,"Radial Velocity"
"7 CMa b","7 CMa",735.10000000000,1.7580000000,1.340000,"Radial Velocity"
"bet Cnc b","bet Cnc",605.20000000000,1.7000000000,1.700000,"Radial Velocity"
"TOI-5624 f","TOI-5624",45.37000000000,0.2366000000,0.858000,"Transit Timing Variations"
"WASP-145 A b","WASP-145 A",1.76903810000,0.0261000000,0.760000,"Transit"
"NGTS-25 b","NGTS-25",2.82309300000,0.0388000000,0.910000,"Transit"
"TOI-1470 c","TOI-1470",18.08816000000,0.1060000000,0.471000,"Transit"
"GJ 581 b","GJ 581",5.36860000000,0.0399000000,0.295000,"Radial Velocity"
"TOI-5786 b","TOI-5786",12.77910700000,0.1140000000,1.230000,"Transit"
"GJ 832 b","GJ 832",3853.00000000000,3.7000000000,0.450000,"Radial Velocity"
"K2-286 b","K2-286",27.35900000000,0.1768000000,0.640000,"Transit"
"TOI-5108 b","TOI-5108",6.75358100000,0.0730000000,1.100000,"Transit"
"HD 108236 f","HD 108236",29.54115000000,0.1758000000,0.869000,"Transit"
"HD 155193 b","HD 155193",352.65000000000,1.0400000000,1.221000,"Radial Velocity"
"GJ 3323 c","GJ 3323",40.54000000000,0.1264000000,0.164000,"Radial Velocity"
"K2-38 c","K2-38",10.56103000000,0.0951400000,1.030000,"Transit"
"BD-11 4672 b","BD-11 4672",1634.00000000000,2.3600000000,0.651000,"Radial Velocity"
"TOI-4552 b","TOI-4552",0.30110032000,0.0056255000,0.261900,"Transit"
"HD 20781 e","HD 20781",85.50730000000,0.3374000000,0.700000,"Radial Velocity"
"HD 75784 c","HD 75784",7900.00000000000,8.4000000000,1.260000,"Radial Velocity"
"HD 25463 c","HD 25463",3.04405000000,0.0443000000,1.251000,"Transit"
"HD 25723 b","HD 25723",457.01000000000,1.4900000000,2.120000,"Radial Velocity"
"WASP-180 A b","WASP-180 A",3.40926400000,0.0480000000,1.300000,"Transit"
"Kepler-430 c","Kepler-430",110.97900000000,0.4757000000,1.166000,"Transit"
"K2-114 b","K2-114",11.39093100000,0.0944000000,0.863000,"Transit"
"HD 6434 b","HD 6434",21.99800000000,0.1400000000,1.100000,"Radial Velocity"
"HD 83443 c","HD 83443",8241.00000000000,8.0000000000,1.000000,"Radial Velocity"
"WASP-83 b","WASP-83",4.97125200000,0.0590000000,1.110000,"Transit"
"K2-72 d","K2-72",7.76017800000,0.0500000000,0.271365,"Transit"
"K2-414 c","K2-414",6.66900000000,0.0552000000,0.814000,"Transit"
"TOI-3364 b","TOI-3364",5.87689180000,0.0675000000,1.186000,"Transit"
"TOI-480 b","TOI-480",6.86619600000,0.0770000000,1.279300,"Transit"
"HD 24085 b","HD 24085",2.04550000000,0.0340000000,1.220000,"Radial Velocity"
"TOI-2818 b","TOI-2818",4.03970900000,0.0493000000,0.977000,"Transit"
"TOI-201 b","TOI-201",52.97860000000,0.3030000000,1.320000,"Transit"
"K2-86 b","K2-86",8.77683000000,0.0770000000,0.790000,"Transit"
"HD 181342 b","HD 181342",564.10000000000,1.5920000000,1.690000,"Radial Velocity"
"Kepler-20 e","Kepler-20",6.09848820000,0.0637000000,0.929000,"Transit"
"GJ 328 b","GJ 328",3771.00000000000,4.1100000000,0.650000,"Radial Velocity"
"HIP 48714 b","HIP 48714",17.81800000000,0.1120000000,0.580000,"Radial Velocity"
"HD 5583 b","HD 5583",139.35000000000,0.5300000000,1.010000,"Radial Velocity"
"HAT-P-51 b","HAT-P-51",4.21802091000,0.0504200000,0.961000,"Transit"
"TOI-5882 b","TOI-5882",7.14897200000,0.0804000000,1.334000,"Transit"
"Kepler-391 b","Kepler-391",7.41750000000,0.0830000000,1.270000,"Transit"
"TOI-521 b","TOI-521",1.54285047000,0.0195000000,0.420000,"Transit"
"Kepler-63 b","Kepler-63",9.43415050000,0.0800000000,0.984000,"Transit"
"BD+20 274 b","BD+20 274",578.20000000000,1.3000000000,0.800000,"Radial Velocity"
"HIP 71135 b","HIP 71135",87.19000000000,0.3350000000,0.660000,"Radial Velocity"
"HD 110082 b","HD 110082",10.18271000000,0.1130000000,1.210000,"Transit"
"HD 113996 b","HD 113996",610.20000000000,1.6000000000,1.490000,"Radial Velocity"
"HD 87646 b","HD 87646",13.48100000000,0.1170000000,1.120000,"Radial Velocity"
"HD 90156 b","HD 90156",49.77000000000,0.2500000000,0.840000,"Radial Velocity"
"HD 95089 b","HD 95089",464.40000000000,1.3600000000,1.540000,"Radial Velocity"
"HD 102329 b","HD 102329",778.09998000000,1.8100000000,3.210000,"Radial Velocity"
"HD 103949 b","HD 103949",120.87800000000,0.4390000000,0.770000,"Radial Velocity"
"tau Boo b","tau Boo",3.31245680000,0.0490000000,1.320000,"Radial Velocity"
"HD 128311 b","HD 128311",453.01900000000,1.0840000000,0.828000,"Radial Velocity"
"HD 191939 b","HD 191939",8.88032560000,0.0804000000,0.810000,"Transit"
"HD 47536 b","HD 47536",712.13000000000,1.9300000000,2.100000,"Radial Velocity"
"HD 169830 c","HD 169830",1818.82339000000,3.0750000000,1.170000,"Radial Velocity"
"Kepler-1979 b","Kepler-1979",18.50845260000,0.1383000000,1.028000,"Transit"
"K2-50 b","K2-50",8.75290000000,0.0705000000,0.611000,"Transit"
"Kepler-323 c","Kepler-323",3.55382290000,0.0458000000,1.015000,"Transit"
"K2-417 b","K2-417",6.53500000000,0.0630000000,0.569000,"Transit"
"HD 89345 b","HD 89345",11.81430000000,0.1066000000,1.157000,"Transit"
"HD 110537 b","HD 110537",24469.67342000000,16.7140000000,1.020000,"Radial Velocity"
"EPIC 212737443 c","EPIC 212737443",65.55000000000,0.2800000000,0.690000,"Transit"
"GJ 649 b","GJ 649",600.10000000000,1.1120000000,0.510000,"Radial Velocity"
"K2-197 b","K2-197",8.35788100000,0.0806000000,1.000000,"Transit"
"HD 27631 b","HD 27631",2198.14000000000,3.2420000000,0.944000,"Radial Velocity"
"TOI-3682 b","TOI-3682",3.34624060000,0.0480000000,1.320000,"Transit"
"K2-15 b","K2-15",11.81040000000,0.0910000000,0.720000,"Transit"
"HD 183579 b","HD 183579",17.47129100000,0.1322000000,0.996000,"Transit"
"TOI-1937 A b","TOI-1937 A",0.94667944000,0.0193200000,1.072000,"Transit"
"WASP-129 b","WASP-129",5.74814500000,0.0628000000,1.000000,"Transit"
"HD 164922 c","HD 164922",75.74000000000,0.3410000000,0.926000,"Radial Velocity"
"K2-317 b","K2-317",6.22000000000,0.0542000000,0.403000,"Transit"
"HD 12235 c","HD 12235",36336.70679000000,22.2100000000,1.100000,"Radial Velocity"
"Kepler-4 b","Kepler-4",3.21346000000,0.0456000000,1.223000,"Transit"
"HD 10180 d","HD 10180",16.35700000000,0.1285900000,1.060000,"Radial Velocity"
"HD 11964 b","HD 11964",1945.00000000000,3.1600000000,0.910000,"Radial Velocity"
"CoRoT-7 c","CoRoT-7",3.69800000000,0.0460000000,0.899000,"Radial Velocity"
"K2-74 b","K2-74",19.56660000000,0.1402000000,0.960000,"Transit"
"GJ 2030 c","GJ 2030",25533.11353000000,16.7610000000,0.960000,"Radial Velocity"
"HD 73344 c","HD 73344",65.94000000000,0.3388000000,1.190000,"Radial Velocity"
"TOI-1683.01","TOI-1683",3.05753560000,0.0365075930,0.694661,"Transit"
"NGTS-30 b","NGTS-30",98.29838000000,0.4080000000,0.940000,"Transit"
"K2-158 b","K2-158",10.06049000000,0.0887000000,0.920000,"Transit"
"K2-276 b","K2-276",18.71826900000,0.1291000000,0.820000,"Transit"
"Kepler-1990 c","Kepler-1990",4.06844957000,0.0504000000,1.028000,"Transit"
"K2-3 c","K2-3",24.64672900000,0.1357000000,0.549000,"Transit"
"TYC 1422-614-1 c","TYC 1422-614-1",559.30000000000,1.3700000000,1.150000,"Radial Velocity"
"HD 1502 b","HD 1502",428.50000000000,1.2620000000,1.460000,"Radial Velocity"
"HD 219134 b","HD 219134",3.09292600000,0.0387600000,0.810000,"Radial Velocity"
"TOI-892 b","TOI-892",10.62656000000,0.0920000000,1.280000,"Transit"
"HD 4203 c","HD 4203",6700.00000000000,6.9500000000,0.990000,"Radial Velocity"
"HD 62364 b","HD 62364",5138.00000000000,6.1500000000,1.157000,"Radial Velocity"
"HD 184010 d","HD 184010",836.40000000000,1.9200000000,1.350000,"Radial Velocity"
"HD 147513 b","HD 147513",528.40000000000,1.3200000000,1.110000,"Radial Velocity"
"HD 143105 b","HD 143105",2.19740000000,0.0379000000,1.510000,"Radial Velocity"
"HD 136118 b","HD 136118",1187.59765000000,2.3270000000,1.180000,"Radial Velocity"
"HD 159868 c","HD 159868",351.00000000000,1.0320000000,1.190000,"Radial Velocity"
"HD 163607 b","HD 163607",75.22030000000,0.3620000000,1.120000,"Radial Velocity"
"HD 168009 b","HD 168009",15.14790000000,0.1192000000,0.986073,"Radial Velocity"
"GJ 740 b","GJ 740",2.37756000000,0.0290000000,0.580000,"Radial Velocity"
"HD 190360 d","HD 190360",88.69000000000,0.3886000000,0.996000,"Radial Velocity"
"HD 189567 b","HD 189567",14.28800000000,0.1110000000,0.830000,"Radial Velocity"
"TOI-813 b","TOI-813",83.89110000000,0.4230000000,1.320000,"Transit"
"HD 94834 b","HD 94834",1576.00000000000,2.7400000000,1.110000,"Radial Velocity"
"HD 104067 b","HD 104067",55.85100000000,0.2674000000,0.820000,"Radial Velocity"
"Proxima Cen d","Proxima Cen",5.12338000000,0.0288100000,0.122100,"Radial Velocity"
"Gliese 48 b","Gliese 48",39.62990000000,0.1752000000,0.470000,"Radial Velocity"
"Kepler-11 b","Kepler-11",10.30390000000,0.0910000000,0.961000,"Transit"
"TOI-4940 b","TOI-4940",25.86781100000,0.1650000000,1.012000,"Transit"
"EPIC 249893012 d","EPIC 249893012",35.74700000000,0.2200000000,1.050000,"Transit"
"SPECULOOS-3 b","SPECULOOS-3",0.71912603000,0.0073300000,0.100900,"Transit"
"G 261-6 b","G 261-6",5.45360000000,0.0297100000,0.118000,"Radial Velocity"
"Kepler-421 b","Kepler-421",704.19840000000,1.2190000000,0.794000,"Transit"
"HATS-15 b","HATS-15",1.74748753000,0.0271200000,0.871000,"Transit"
"HD 87883 b","HD 87883",3006.00000000000,3.7700000000,0.800000,"Radial Velocity"
"WASP-33 b","WASP-33",1.21987000000,0.0239000000,1.495000,"Transit"
"HD 10180 g","HD 10180",604.67000000000,1.4270000000,1.060000,"Radial Velocity"
"NGTS-1 b","NGTS-1",2.64729800000,0.0326000000,0.617000,"Transit"
"TOI-1470 b","TOI-1470",2.52709300000,0.0285000000,0.471000,"Transit"
"Kepler-763 c","Kepler-763",4.09667624000,0.0466000000,0.800000,"Transit"
"TOI-1860 b","TOI-1860",1.06621070000,0.0204000000,0.990000,"Transit"
"NGTS-32 b","NGTS-32",3.31211000000,0.0440000000,1.070000,"Transit"
"HD 67087 b","HD 67087",352.20000000000,1.0800000000,1.360000,"Radial Velocity"
"HD 37124 c","HD 37124",885.50000000000,1.7100000000,0.850000,"Radial Velocity"
"HD 181720 b","HD 181720",956.00000000000,1.8500000000,1.030000,"Radial Velocity"
"HD 10647 b","HD 10647",989.20000000000,2.0150000000,1.110000,"Radial Velocity"
"WASP-182 b","WASP-182",3.37698480000,0.0451000000,1.076000,"Transit"
"WASP-183 b","WASP-183",4.11177710000,0.0463200000,0.784000,"Transit"
"HATS-59 c","HATS-59",1422.00000000000,2.5040000000,1.038000,"Radial Velocity"
"WASP-45 b","WASP-45",3.12608900000,0.0396300000,0.850000,"Transit"
"HD 115404 A b","HD 115404 A",10.49488000000,0.0880000000,0.830000,"Radial Velocity"
"HATS-8 b","HATS-8",3.58389300000,0.0466700000,1.056000,"Transit"
"OGLE-TR-56 b","OGLE-TR-56",1.21191890000,0.0238300000,1.228000,"Transit"
"HD 8326 b","HD 8326",158.99100000000,0.5330000000,0.800000,"Radial Velocity"
"Qatar-6 b","Qatar-6",3.50619500000,0.0423000000,0.822000,"Transit"
"HD 204313 b","HD 204313",2041.11539000000,3.1850000000,1.030000,"Radial Velocity"
"TOI-1820 b","TOI-1820",4.86067400000,0.0610000000,1.040000,"Transit"
"TOI-3664 b","TOI-3664",3.29748390000,0.0431000000,0.980000,"Transit"
"G 268-110 b","G 268-110",1.43263000000,0.0128300000,0.137000,"Radial Velocity"
"iot Dra b","iot Dra",510.85440000000,1.4530000000,1.540000,"Radial Velocity"
"Kepler-553 b","Kepler-553",4.03046700000,0.0476600000,0.889000,"Transit"
"HD 111591 b","HD 111591",1056.40000000000,2.5000000000,1.940000,"Radial Velocity"
"HD 217107 b","HD 217107",7.12701660000,0.0735900000,1.045000,"Radial Velocity"
"HAT-P-19 b","HAT-P-19",4.00878322000,0.0459900000,0.807000,"Transit"
"TOI-1853 b","TOI-1853",1.24362580000,0.0213000000,0.837000,"Transit"
"Gl 686 b","Gl 686",15.53000000000,0.0910000000,0.426000,"Radial Velocity"
"K2-248 b","K2-248",7.17256000000,0.0699000000,0.880000,"Transit"
"K2-84 c","K2-84",27.86000000000,0.1768000000,0.950000,"Transit"
"TOI-4551 b","TOI-4551",9.95581000000,0.0994000000,1.310000,"Transit"
"HAT-P-43 b","HAT-P-43",3.33264140000,0.0444000000,1.030000,"Transit"
"TOI-1758 b","TOI-1758",20.70507468500,0.1414090000,0.880000,"Transit"
"TOI-5592 b","TOI-5592",2.60858460000,0.0393500000,1.194000,"Transit"
"HIP 107773 b","HIP 107773",144.30000000000,0.7200000000,2.420000,"Radial Velocity"
"K2-199 b","K2-199",3.22539930000,0.0382000000,0.711000,"Transit"
"TOI-2338 b","TOI-2338",22.65398000000,0.1580000000,0.990000,"Transit"
"HD 116029 b","HD 116029",670.00000000000,1.6500000000,0.830000,"Radial Velocity"
"Proxima Cen b","Proxima Cen",11.18465000000,0.0484800000,0.122100,"Radial Velocity"
"Kepler-40 b","Kepler-40",6.87349000000,0.0800000000,1.480000,"Transit"
"TIC 434398831 b","TIC 434398831",3.68550400000,0.0464100000,0.992000,"Transit"
"HD 89744 b","HD 89744",256.78000000000,0.9170000000,1.860000,"Radial Velocity"
"GJ 887 b","GJ 887",9.26190000000,0.0683000000,0.495000,"Radial Velocity"
"HD 219828 c","HD 219828",4789.87297000000,5.6570000000,1.040000,"Radial Velocity"
"HD 222155 b","HD 222155",3999.00000000000,5.1400000000,1.210000,"Radial Velocity"
"HD 224538 b","HD 224538",1202.05199000000,2.3750000000,1.230000,"Radial Velocity"
"TOI-5624 d","TOI-5624",13.73146800000,0.1067000000,0.858000,"Transit"
"TOI-2449 b","TOI-2449",106.14468000000,0.4500000000,1.079000,"Transit"
"Kepler-101 b","Kepler-101",3.48768120000,0.0474000000,1.170000,"Transit"
"TOI-954 b","TOI-954",3.68497290000,0.0496300000,1.201000,"Transit"
"HD 13724 c","HD 13724",142.22895000000,0.5340000000,1.004000,"Radial Velocity"
"TOI-6223 b","TOI-6223",3.85521900000,0.0401800000,0.582000,"Transit"
"WASP-154 b","WASP-154",3.81167800000,0.0440000000,0.800000,"Transit"
"K2-126 b","K2-126",7.38565500000,0.0656000000,0.690000,"Transit"
"TOI-1669 c","TOI-1669",2.68005350000,0.0376000000,0.986700,"Transit"
"HD 48948 b","HD 48948",7.34013000000,0.0652000000,0.686000,"Radial Velocity"
"Kepler-1669 d","Kepler-1669",4.72941177000,0.0468000000,0.609000,"Transit"
"TOI-3023 b","TOI-3023",3.90149710000,0.0505000000,1.120000,"Transit"
"K2-110 b","K2-110",13.86375000000,0.1020700000,0.738000,"Transit"
"K2-46 b","K2-46",19.15410000000,0.1382100000,0.960000,"Transit"
"HAT-P-63 b","HAT-P-63",3.37772800000,0.0429400000,0.925000,"Transit"
"HIP 39017 b","HIP 39017",31000.00000000000,22.1000000000,1.520000,"Imaging"
"HD 215497 b","HD 215497",3.93404000000,0.0500000000,0.670000,"Radial Velocity"
"Kepler-101 c","Kepler-101",6.02976000000,0.0684000000,1.170000,"Transit"
"WASP-144 b","WASP-144",2.27831520000,0.0316000000,0.810000,"Transit"
"HD 171028 b","HD 171028",550.00000000000,1.3200000000,1.530000,"Radial Velocity"
"HD 111998 b","HD 111998",810.00000000000,1.9100000000,1.400000,"Radial Velocity"
"HD 164595 b","HD 164595",40.00000000000,0.2300000000,0.990000,"Radial Velocity"
"Kepler-975 c","Kepler-975",5.05821338000,0.0567000000,0.951000,"Transit"
"K2-233 c","K2-233",7.06024000000,0.0664000000,0.790000,"Transit"
"HD 38801 b","HD 38801",685.25000000000,1.6230000000,1.207000,"Radial Velocity"
"HD 200964 b","HD 200964",606.30000000000,1.5650000000,1.390000,"Radial Velocity"
"HIP 113103 b","HIP 113103",7.61030300000,0.0689900000,0.761000,"Transit"
"HD 72892 b","HD 72892",39.44603000000,0.2280000000,1.010000,"Radial Velocity"
"K2-266 d","K2-266",14.69700000000,0.1035000000,0.686000,"Transit"
"GJ 3634 b","GJ 3634",2.64561000000,0.0287000000,0.450000,"Radial Velocity"
"TOI-3540 A b","TOI-3540 A",3.11999900000,0.0428900000,1.081000,"Transit"
"WASP-168 b","WASP-168",4.15365800000,0.0519000000,1.080000,"Transit"
"Kepler-452 b","Kepler-452",384.84300000000,1.0460000000,1.037000,"Transit"
"GJ 1265 b","GJ 1265",3.65110000000,0.0260000000,0.178000,"Radial Velocity"
"K2-138 d","K2-138",5.40479000000,0.0589300000,0.935000,"Transit"
"HATS-29 b","HATS-29",4.60587490000,0.0547500000,1.032000,"Transit"
"HD 69830 d","HD 69830",197.00000000000,0.6300000000,0.860000,"Radial Velocity"
"HD 8535 b","HD 8535",1313.00000000000,2.4500000000,1.130000,"Radial Velocity"
"K2-45 b","K2-45",1.72926840000,0.0224000000,0.503000,"Transit"
"GJ 2030 b","GJ 2030",2.38129000000,0.0340000000,0.960000,"Radial Velocity"
"TOI-150.01","TOI-150",5.85748700000,0.0703700000,1.351000,"Transit"
"Wendelstein-1 b","Wendelstein-1",2.66341600000,0.0282000000,0.650000,"Transit"
"TOI-904 c","TOI-904",83.99970000000,0.3120000000,0.557000,"Transit"
"TOI-4377 b","TOI-4377",4.37808100000,0.0579000000,1.360000,"Transit"
"CoRoT-21 b","CoRoT-21",2.72474000000,0.0417000000,1.290000,"Transit"
"TOI-4201 b","TOI-4201",3.58191940000,0.0400000000,0.610000,"Transit"
"HD 114783 b","HD 114783",493.70000000000,1.1600000000,0.853000,"Radial Velocity"
"K2-167 b","K2-167",9.97854100000,0.0932000000,1.084000,"Transit"
"HD 43691 b","HD 43691",36.99870000000,0.2380000000,1.320000,"Radial Velocity"
"WASP-132 c","WASP-132",1.01153624000,0.0183300000,0.789000,"Transit"
"K2-199 c","K2-199",7.37448970000,0.0662000000,0.711000,"Transit"
"HD 134606 d","HD 134606",966.50000000000,1.9410000000,1.046000,"Radial Velocity"
"K2-89 b","K2-89",1.09602600000,0.0146200000,0.347000,"Transit"
"Kepler-409 b","Kepler-409",68.95832160000,0.3192000000,0.913000,"Transit"
"HU Aqr AB b","HU Aqr",2390.00000000000,3.6000000000,0.880000,"Eclipse Timing Variations"
"Kepler-9 c","Kepler-9",38.98530000000,0.2270000000,1.022000,"Transit"
"TOI-2088 b","TOI-2088",124.72997000000,0.4720000000,0.902700,"Transit"
"HD 134060 b","HD 134060",3.26960000000,0.0444000000,1.095000,"Radial Velocity"
"HD 17156 b","HD 17156",21.21642940000,0.1632000000,1.285000,"Radial Velocity"
"TOI-1753 b","TOI-1753",5.38461040000,0.0590000000,0.948300,"Transit"
"TOI-1174 b","TOI-1174",8.95348768300,0.0799400000,0.850000,"Transit"
"TIC 257060897 b","TIC 257060897",3.66003639000,0.0492200000,1.187000,"Transit"
"Kepler-107 e","Kepler-107",14.74914300000,0.1263800000,1.238000,"Transit"
"HD 212771 b","HD 212771",380.70000000000,1.1900000000,1.560000,"Radial Velocity"
"GJ 317 b","GJ 317",695.69000000000,1.1380000000,0.402000,"Radial Velocity"
"HATS-61 b","HATS-61",7.81795300000,0.0790800000,1.076000,"Transit"
"HIP 57274 b","HIP 57274",8.13520000000,0.0700000000,0.290000,"Radial Velocity"
"TAP 26 b","TAP 26",10.79000000000,0.0968000000,1.040000,"Radial Velocity"
"HD 25015 b","HD 25015",6134.42700000000,6.2480000000,0.860000,"Radial Velocity"
"HD 68475 b","HD 68475",7832.00000000000,7.2700000000,0.830000,"Radial Velocity"
"K2-224 c","K2-224",10.09489000000,0.0886000000,0.910000,"Transit"
"Kepler-47 d","Kepler-47",187.36600000000,0.6992000000,0.957000,"Transit"
"K2-84 b","K2-84",6.42150000000,0.0665000000,0.950000,"Transit"
"TOI-1798.02","TOI-1798",0.43781182200,0.0107890000,0.870000,"Transit"
"HD 93385 c","HD 93385",13.18000000000,0.1120000000,1.040000,"Radial Velocity"
"HR 858 b","HR 858",3.58528700000,0.0488800000,1.204000,"Transit"
"Kepler-447 b","Kepler-447",7.79430132000,0.0769000000,1.000000,"Transit"
"TOI-1386 b","TOI-1386",25.84010000000,0.1730000000,1.036300,"Transit"
"HD 224018 b","HD 224018",10.64130000000,0.0952000000,1.013000,"Radial Velocity"
"K2-111 c","K2-111",15.67480000000,0.1156500000,0.840000,"Radial Velocity"
"WASP-4 b","WASP-4",1.33823099400,0.0226100000,0.899000,"Transit"
"K2-63 c","K2-63",25.45560000000,0.1890000000,1.400000,"Transit"
"HAT-P-38 b","HAT-P-38",4.64038200000,0.0523000000,0.886000,"Transit"
"HD 10180 h","HD 10180",2205.00000000000,3.3810000000,1.060000,"Radial Velocity"
"HU Aqr AB c","HU Aqr",4368.00000000000,5.4000000000,0.880000,"Eclipse Timing Variations"
"K2-229 c","K2-229",8.32727000000,0.0769000000,0.870000,"Transit"
"LSPM J2116+0234 b","LSPM J2116+0234",14.43990000000,0.0876000000,0.430000,"Radial Velocity"
"Qatar-3 b","Qatar-3",2.50792040000,0.0378300000,1.145000,"Transit"
"TOI-5322 b","TOI-5322",5.42332070000,0.0604000000,0.998000,"Transit"
"HD 156411 b","HD 156411",842.20000000000,1.8800000000,1.250000,"Radial Velocity"
"TOI-1782.02","TOI-1782",1.82902422700,0.0257390000,0.680000,"Transit"
"HD 3651 b","HD 3651",62.25000000000,0.2950000000,0.799000,"Radial Velocity"
"HD 10697 b","HD 10697",1075.37990000000,2.0510000000,0.990000,"Radial Velocity"
"HD 20794 d","HD 20794",89.68000000000,0.3625000000,0.790000,"Radial Velocity"
"K2-192 b","K2-192",4.16281700000,0.0490000000,0.900000,"Transit"
"HD 95127 b","HD 95127",482.00000000000,1.2800000000,3.700000,"Radial Velocity"
"HD 112570 b","HD 112570",2615.00000000000,3.9000000000,1.150000,"Radial Velocity"
"47 UMa d","47 UMa",14002.00000000000,11.6000000000,1.060000,"Radial Velocity"
"HD 68988 b","HD 68988",6.27711000000,0.0700000000,1.280000,"Radial Velocity"
"TOI-1859 b","TOI-1859",63.48347000000,0.3370000000,1.287000,"Transit"
"TOI-1736 c","TOI-1736",571.25000000000,1.3700000000,1.037300,"Radial Velocity"
"Kepler-30 d","Kepler-30",143.34394000000,0.5000000000,0.990000,"Transit"
"TOI-1994 b","TOI-1994",4.03371420000,0.0613000000,1.860000,"Transit"
"TOI-5788 b","TOI-5788",6.34075800000,0.0640000000,0.870000,"Transit"
"HATS-58 A b","HATS-58 A",4.21808960000,0.0579800000,1.461000,"Transit"
"HD 215152 e","HD 215152",25.19670000000,0.1541700000,0.770000,"Radial Velocity"
"K2-3 b","K2-3",10.05465350000,0.0747000000,0.549000,"Transit"
"HD 75289 b","HD 75289",3.50927000000,0.0500000000,1.290000,"Radial Velocity"
"TOI-3912 b","TOI-3912",3.49362640000,0.0463000000,1.088000,"Transit"
"eps Tau b","eps Tau",585.82000000000,1.8780000000,2.570000,"Radial Velocity"
"HD 216520 b","HD 216520",35.45000000000,0.1980000000,0.820000,"Radial Velocity"
"OGLE-TR-113 b","OGLE-TR-113",1.43247520000,0.0228900000,0.779000,"Transit"
"Kepler-31 c","Kepler-31",42.63180000000,0.2600000000,1.210000,"Transit"
"HD 20003 b","HD 20003",11.84820000000,0.0974000000,0.875000,"Radial Velocity"
"HD 207832 c","HD 207832",1155.70000000000,2.1120000000,0.940000,"Radial Velocity"
"Qatar-2 b","Qatar-2",1.33711647000,0.0215300000,0.743000,"Transit"
"HD 93351 c","HD 93351",14010.29410000000,11.1540000000,0.940000,"Radial Velocity"
"WASP-28 b","WASP-28",3.40883495000,0.0442000000,0.993000,"Transit"
"HD 11506 c","HD 11506",223.92000000000,0.7710000000,1.220000,"Radial Velocity"
"HD 25912 c","HD 25912",26308.65619000000,17.8480000000,1.080000,"Radial Velocity"
"CoRoT-24 c","CoRoT-24",11.75900000000,0.0980000000,0.910000,"Transit"
"HATS-18 b","HATS-18",0.83784000000,0.0174000000,1.037000,"Transit"
"HATS-74 A b","HATS-74 A",1.73185606000,0.0238400000,0.601000,"Transit"
"TOI-880 c","TOI-880",6.38727030000,0.0635000000,0.870000,"Transit"
"HD 205739 b","HD 205739",279.80000000000,0.8960000000,1.220000,"Radial Velocity"
"HD 194490 b","HD 194490",13092.18348000000,11.1160000000,1.060000,"Radial Velocity"
"HAT-P-34 b","HAT-P-34",5.45265400000,0.0677400000,1.392000,"Transit"
"HAT-P-42 b","HAT-P-42",4.64187800000,0.0575000000,1.178000,"Transit"
"TOI-2407 b","TOI-2407",2.70296900000,0.0330000000,0.548000,"Transit"
"KOI-217 b","KOI-217",3.90512000000,0.0477000000,0.950000,"Transit"
"HD 215152 c","HD 215152",7.28243000000,0.0673930000,0.770000,"Radial Velocity"
"WASP-98 b","WASP-98",2.96264036000,0.0376200000,0.809000,"Transit"
"Kepler-2000 b","Kepler-2000",6.38315913500,0.0562000000,0.581000,"Transit"
"CoRoT-5 b","CoRoT-5",4.03789620000,0.0494700000,1.000000,"Transit"
"K2-255 b","K2-255",1.96417000000,0.0274000000,0.710000,"Transit"
"HD 82943 b","HD 82943",441.47000000000,1.1830600000,1.080000,"Radial Velocity"
"TOI-1203.01","TOI-1203",25.50267200000,0.1632000000,0.886000,"Transit"
"HD 102272 b","HD 102272",127.58000000000,0.5100000000,1.450000,"Radial Velocity"
"HD 66428 b","HD 66428",2269.81726000000,3.3950000000,1.010000,"Radial Velocity"
"HD 235088 b","HD 235088",7.43413250000,0.0706000000,0.849000,"Transit"
"HD 35843 b","HD 35843",9.89910000000,0.0880000000,0.940000,"Radial Velocity"
"HD 240237 b","HD 240237",745.70001000000,1.9200000000,8.760000,"Radial Velocity"
"HD 113538 b","HD 113538",663.20000000000,1.2400000000,0.585000,"Radial Velocity"
"GJ 273 b","GJ 273",18.64980000000,0.0911010000,0.290000,"Radial Velocity"
"TOI-1294 c","TOI-1294",159.90000000000,0.6100000000,1.157800,"Radial Velocity"
"GJ 625 b","GJ 625",14.62800000000,0.0783610000,0.300000,"Radial Velocity"
"TOI-3160 A b","TOI-3160 A",3.97128100000,0.0505000000,1.088000,"Transit"
"TOI-620 b","TOI-620",5.09881790000,0.0482500000,0.577000,"Transit"
"CoRoT-23 b","CoRoT-23",3.63130000000,0.0480000000,1.140000,"Transit"
"HD 34445 f","HD 34445",676.80000000000,1.5430000000,1.070000,"Radial Velocity"
"CoRoT-22 b","CoRoT-22",9.75598000000,0.0920000000,1.099000,"Transit"
"HIP 65 A b","HIP 65 A",0.98097340000,0.0178200000,0.781000,"Transit"
"HD 28471 c","HD 28471",6.12450000000,0.0650000000,0.980000,"Radial Velocity"
"K2-101 b","K2-101",14.67624290000,0.1124000000,0.820000,"Transit"
"HATS-70 b","HATS-70",1.88823780000,0.0363200000,1.780000,"Transit"
"TOI-6086 b","TOI-6086",1.38887250000,0.0154100000,0.254000,"Transit"
"Barnard c","Barnard's star",4.12440000000,0.0274000000,0.162000,"Radial Velocity"
"HD 206893 c","HD 206893",2290.00000000000,3.7400000000,1.310000,"Imaging"
"TOI-2093 b","TOI-2093",12.83600000000,0.0970000000,0.745000,"Radial Velocity"
"KOI-55 c","KOI-55",0.34288700000,0.0076000000,0.496000,"Orbital Brightness Modulation"
"HAT-P-68 b","HAT-P-68",2.29840551000,0.0299600000,0.678500,"Transit"
"KOBE-1 b","KOBE-1",8.53990000000,0.0700600000,0.629000,"Radial Velocity"
"Kepler-553 c","Kepler-553",328.24017000000,0.8980000000,0.889000,"Transit"
"HD 20781 c","HD 20781",13.89050000000,0.1004000000,0.700000,"Radial Velocity"
"Kepler-129 b","Kepler-129",15.79000000000,0.1300000000,1.178000,"Transit"
"TOI-1199 b","TOI-1199",3.67146300000,0.0498800000,1.230000,"Transit"
"WASP-53 b","WASP-53",3.30984430000,0.0410100000,0.839000,"Transit"
"Kepler-65 c","Kepler-65",5.85994400000,0.0680000000,1.250000,"Transit"
"HIP 54373 c","HIP 54373",15.14400000000,0.0990000000,0.570000,"Radial Velocity"
"TOI-1467 b","TOI-1467",5.97114713000,0.0507480000,0.489000,"Transit"
"K2-7 b","K2-7",28.67810000000,0.1867000000,1.056000,"Transit"
"GJ 3998 b","GJ 3998",2.65033000000,0.0300000000,0.520000,"Radial Velocity"
"Kepler-619 d","Kepler-619",11.67894236000,0.1021000000,1.041000,"Transit"
"TOI-2257 b","TOI-2257",35.18934600000,0.1450000000,0.328000,"Transit"
"K2-251 b","K2-251",9.30075000000,0.0694000000,0.520000,"Transit"
"TOI-1803 b","TOI-1803",6.29328700000,0.0600000000,0.756000,"Transit"
"HD 68988 c","HD 68988",16000.00000000000,13.2000000000,1.171665,"Radial Velocity"
"WASP-8 c","WASP-8",4323.00000000000,5.2800000000,1.040000,"Radial Velocity"
"TOI-544 b","TOI-544",1.54835200000,0.0225000000,0.631000,"Transit"
"HIP 79431 b","HIP 79431",111.70000000000,0.3600000000,0.490000,"Radial Velocity"
"TOI-3135 b","TOI-3135",3.70655850000,0.0475600000,1.044000,"Transit"
"K2-127 b","K2-127",3.58816300000,0.0411000000,0.720000,"Transit"
"HD 156098 b","HD 156098",21.85849000000,0.1670000000,1.290000,"Radial Velocity"
"HD 159243 b","HD 159243",12.62000000000,0.1100000000,1.125000,"Radial Velocity"
"HD 106252 b","HD 106252",1535.00000000000,2.6550000000,1.050000,"Radial Velocity"
"HD 60532 b","HD 60532",201.90000000000,0.7700000000,1.500000,"Radial Velocity"
"HD 107148 b","HD 107148",48.05600000000,0.2690000000,1.120000,"Radial Velocity"
"K2-269 b","K2-269",4.14496500000,0.0531000000,1.160000,"Transit"
"Kepler-278 c","Kepler-278",51.11100000000,0.2870000000,1.227000,"Transit"
"K2-279 b","K2-279",7.12260500000,0.0670000000,0.790000,"Transit"
"HD 9174 b","HD 9174",1179.00000000000,2.2000000000,1.030000,"Radial Velocity"
"TOI-1723 b","TOI-1723",13.72701264300,0.1134960000,1.040000,"Transit"
"K2-13 b","K2-13",39.91488000000,0.2114000000,0.800000,"Transit"
"TOI-4559 b","TOI-4559",3.96599100000,0.0359000000,0.392000,"Transit"
"CD Cet b","CD Cet",2.29070000000,0.0185000000,0.161000,"Radial Velocity"
"HD 26161 b","HD 26161",10942.29013000000,10.0870000000,1.120000,"Radial Velocity"
"K2-166 b","K2-166",8.52695000000,0.0858000000,1.160000,"Transit"
"TOI-782 b","TOI-782",8.02400150000,0.0578000000,0.397000,"Transit"
"BD+42 2315 b","BD+42 2315",123.05000000000,0.5400000000,1.380000,"Radial Velocity"
"K2-242 b","K2-242",6.51389000000,0.0494000000,0.380000,"Transit"
"GJ 2126 b","GJ 2126",272.70000000000,0.7100000000,0.650000,"Radial Velocity"
"Kepler-1869 c","Kepler-1869",1.71682830400,0.0280000000,0.987000,"Transit"
"HD 4732 c","HD 4732",3184.20000000000,4.7250000000,1.390000,"Radial Velocity"
"HATS-12 b","HATS-12",3.14270200000,0.0441000000,1.160000,"Transit"
"Kepler-297 d","Kepler-297",150.01895110000,0.5230000000,0.846000,"Transit"
"HIP 39330 b","HIP 39330",4650.00000000000,5.0500000000,0.960000,"Radial Velocity"
"HD 133131 B b","HD 133131 B",5769.00000000000,6.1500000000,0.930000,"Radial Velocity"
"HD 114386 b","HD 114386",937.70001000000,1.7300000000,0.600000,"Radial Velocity"
"TOI-6695 c","TOI-6695",242.40000000000,0.8380000000,1.338000,"Radial Velocity"
"EPIC 201841433 b","EPIC 201841433",4.16980000000,0.0350000000,0.802000,"Transit"
"HIP 14810 d","HIP 14810",981.80000000000,1.9400000000,1.010000,"Radial Velocity"
"HD 28185 c","HD 28185",9090.00000000000,8.5000000000,0.974000,"Radial Velocity"
"HD 187123 c","HD 187123",3810.00000000000,4.8900000000,1.040000,"Radial Velocity"
"Kepler-410 A b","Kepler-410 A",17.83364800000,0.1226000000,1.214000,"Transit"
"TOI-1437 b","TOI-1437",18.84094200000,0.1400000000,1.100000,"Transit"
"TOI-4638.01","TOI-4638",10.28391878700,0.0930130000,1.020000,"Transit"
"HD 48948 d","HD 48948",151.92000000000,0.4894000000,0.686000,"Radial Velocity"
"HD 207832 b","HD 207832",160.07000000000,0.5860000000,1.050000,"Radial Velocity"
"DMPP-3 A b","DMPP-3 A",5.59000000000,0.0595800000,0.900000,"Radial Velocity"
"Kepler-58 e","Kepler-58",4.45814897000,0.0533000000,1.017000,"Transit"
"HD 86065 b","HD 86065",25775.78859000000,15.9470000000,0.810000,"Radial Velocity"
"HD 72659 b","HD 72659",3549.00000000000,4.6070000000,1.033000,"Radial Velocity"
"CoRoT-35 b","CoRoT-35",3.22748000000,0.0429000000,1.010000,"Transit"
"K2-154 b","K2-154",3.67626000000,0.0405000000,0.650000,"Transit"
"TOI-5350 b","TOI-5350",7.58136700000,0.0796000000,1.167000,"Transit"
"K2-60 b","K2-60",3.00265000000,0.0450000000,0.970000,"Transit"
"HD 149143 b","HD 149143",4.07182000000,0.0530000000,1.200000,"Radial Velocity"
"TOI-530 b","TOI-530",6.38759700000,0.0520000000,0.530000,"Transit"
"K2-81 b","K2-81",6.10232500000,0.0590000000,0.745273,"Transit"
"K2-72 b","K2-72",5.57721200000,0.0400000000,0.271365,"Transit"
"HD 106515 A b","HD 106515 A",3626.00000000000,4.4800000000,0.890000,"Radial Velocity"
"bet Pic b","bet Pic",8682.00000000000,10.0700000000,1.789000,"Imaging"
"TOI-757 b","TOI-757",17.46819000000,0.1220000000,0.800000,"Transit"
"Kepler-130 c","Kepler-130",27.50868000000,0.1780000000,1.000000,"Transit"
"Kepler-880 c","Kepler-880",11.80617370000,0.1216000000,1.714000,"Transit"
"TOI-1768.01","TOI-1768",7.33770364900,0.0763810000,1.100000,"Transit"
"Kepler-186 b","Kepler-186",3.88679070000,0.0343000000,0.478000,"Transit"
"K2-195 b","K2-195",15.85297500000,0.1208000000,0.940000,"Transit"
"HD 33142 c","HD 33142",810.20000000000,1.9550000000,1.520000,"Radial Velocity"
"HD 134060 c","HD 134060",1291.56460000000,2.3928000000,1.095000,"Radial Velocity"
"GJ 3293 b","GJ 3293",30.59870000000,0.1433900000,0.420000,"Radial Velocity"
"HD 134606 c","HD 134606",58.88300000000,0.3007000000,1.046000,"Radial Velocity"
"Kepler-1987 b","Kepler-1987",2.34586300200,0.0318000000,0.799000,"Transit"
"HD 166724 b","HD 166724",5144.00000000000,5.4200000000,0.810000,"Radial Velocity"
"Kepler-18 d","Kepler-18",14.85888000000,0.1172000000,0.972000,"Transit"
"Kepler-22 b","Kepler-22",289.86387600000,0.8120000000,0.857000,"Transit"
"HD 108874 b","HD 108874",394.48123000000,1.0400000000,1.100000,"Radial Velocity"
"K2-53 b","K2-53",12.20772000000,0.0980000000,0.851000,"Transit"
"KIC 3526061 b","KIC 3526061",3552.00000000000,5.1400000000,1.420000,"Radial Velocity"
"KPS-1 b","KPS-1",1.70629100000,0.0269000000,0.892000,"Transit"
"GJ 687 c","GJ 687",727.56200000000,1.1650000000,0.400000,"Radial Velocity"
"GJ 876 b","GJ 876",61.11660000000,0.2083170000,0.320000,"Radial Velocity"
"GJ 3378 b","GJ 3378",21.45000000000,0.0967300000,0.262000,"Radial Velocity"
"NGC 2682 Sand 1429 b","NGC 2682 Sand 1429",77.48000000000,0.3840000000,1.260000,"Radial Velocity"
"HD 176986 c","HD 176986",16.81240000000,0.1187300000,0.789000,"Radial Velocity"
"Kepler-32 d","Kepler-32",22.78020000000,0.1300000000,0.580000,"Transit"
"HIP 91258 b","HIP 91258",5.05050000000,0.0600000000,0.970000,"Radial Velocity"
"KOI-12 b","KOI-12",17.85518200000,0.1540000000,1.500000,"Transit"
"WASP-150 b","WASP-150",5.64420700000,0.0694000000,1.394000,"Transit"
"TOI-4633 c","TOI-4633",271.94450000000,0.8470000000,1.100000,"Transit"
"bet Pic c","bet Pic",1202.00000000000,2.7000000000,1.789000,"Radial Velocity"
"HD 219139 b","HD 219139",275.50000000000,0.9400000000,1.460000,"Radial Velocity"
"TOI-169 b","TOI-169",2.25544770000,0.0352400000,1.147000,"Transit"
"HD 2039 b","HD 2039",1120.00000000000,2.2000000000,1.230000,"Radial Velocity"
"HD 95544 b","HD 95544",2041.54152000000,3.1660000000,1.010000,"Radial Velocity"
"K2-100 b","K2-100",1.67390350000,0.0301000000,1.150000,"Transit"
"K2-283 b","K2-283",1.92103600000,0.0291000000,0.890000,"Transit"
"K2-54 b","K2-54",9.78330000000,0.0761000000,0.615000,"Transit"
"tau Cet h","tau Cet",49.41000000000,0.2430000000,0.783000,"Radial Velocity"
"TOI-6628 b","TOI-6628",18.18424000000,0.1340000000,0.970000,"Transit"
"XO-3 b","XO-3",3.19152309000,0.0481500000,1.449000,"Transit"
"Kepler-34 b","Kepler-34",288.82200000000,1.0896000000,1.047900,"Transit"
"K2-139 b","K2-139",28.38061900000,0.1796000000,0.960000,"Transit"
"EPIC 249893012 c","EPIC 249893012",15.62400000000,0.1300000000,1.050000,"Transit"
"UZ For c","UZ For",1916.25000000000,2.8000000000,0.700000,"Eclipse Timing Variations"
"TOI-2193 A b","TOI-2193 A",2.12257350000,0.0331900000,1.082000,"Transit"
"iot Dra c","iot Dra",25000.00000000000,19.4000000000,1.540000,"Radial Velocity"
"CoRoT-26 b","CoRoT-26",4.20474000000,0.0526000000,1.090000,"Transit"
"TOI-715 b","TOI-715",19.28800400000,0.0830000000,0.225000,"Transit"
"TOI-1266 d","TOI-1266",32.50900000000,0.1513000000,0.437000,"Transit Timing Variations"
"TOI-5938 b","TOI-5938",2.26042400000,0.0308000000,0.744000,"Transit"
"Wolf 1061 c","Wolf 1061",17.87190000000,0.0890000000,0.294000,"Radial Velocity"
"HD 151450 c","HD 151450",18144.76236000000,14.1310000000,1.140000,"Radial Velocity"
"PH1 b","PH1",138.31700000000,0.6520000000,1.528000,"Transit"
"TOI-4641 b","TOI-4641",22.09341000000,0.1730000000,1.410000,"Transit"
"HD 152843 c","HD 152843",19.50210400000,0.1482000000,1.150000,"Transit"
"Kepler-1487 c","Kepler-1487",35.80071120000,0.2588000000,1.801000,"Transit"
"DMPP-2 c","DMPP-2",3.16800000000,0.0478900000,1.410000,"Radial Velocity"
"TYC 3318-01333-1 b","TYC 3318-01333-1",562.00000000000,1.4140000000,1.190000,"Radial Velocity"
"HD 147873 c","HD 147873",491.54000000000,1.3600000000,1.380000,"Radial Velocity"
"HIP 12961 b","HIP 12961",57.43500000000,0.2500000000,0.690000,"Radial Velocity"
"HATS-45 b","HATS-45",4.18762440000,0.0551100000,1.272000,"Transit"
"TOI-712 d","TOI-712",84.83960000000,0.3405000000,0.732000,"Transit"
"HD 88986 b","HD 88986",146.05000000000,0.5800000000,1.250000,"Radial Velocity"
"HD 103774 b","HD 103774",5.88810000000,0.0700000000,1.335000,"Radial Velocity"
"Kepler-2001 c","Kepler-2001",14.09258318900,0.1084000000,0.864000,"Transit"
"HIP 21152 b","HIP 21152",22000.00000000000,17.0000000000,1.400000,"Imaging"
"TOI-122 b","TOI-122",5.07803000000,0.0392000000,0.312000,"Transit"
"TOI-2328 b","TOI-2328",17.10197000000,0.1270000000,0.950000,"Transit"
"HD 185283 b","HD 185283",4060.00000000000,4.6000000000,0.800000,"Radial Velocity"
"Kepler-65 b","Kepler-65",2.15491000000,0.0350000000,1.250000,"Transit"
"HD 190360 b","HD 190360",2887.50000000000,3.9650000000,0.996000,"Radial Velocity"
"HD 155918 b","HD 155918",1.87567000000,0.0300000000,1.030000,"Radial Velocity"
"TOI-2207 b","TOI-2207",8.00196800000,0.0854000000,1.296000,"Transit"
"GJ 1151 c","GJ 1151",389.70000000000,0.5714000000,0.163900,"Radial Velocity"
"NGTS-4 b","NGTS-4",1.33735080000,0.0190000000,0.750000,"Transit"
"Kepler-431 b","Kepler-431",6.80300000000,0.0719000000,1.071000,"Transit"
"CoRoT-25 b","CoRoT-25",4.86069000000,0.0578000000,1.090000,"Transit"
"TOI-3856 b","TOI-3856",2.04360352000,0.0325000000,1.096000,"Transit"
"DP Leo b","DP Leo",10220.00000000000,8.1900000000,0.690000,"Eclipse Timing Variations"
"HD 86950 b","HD 86950",1270.00000000000,2.7200000000,1.660000,"Radial Velocity"
"K2-111 b","K2-111",5.35189630000,0.0565000000,0.840000,"Transit"
"WASP-41 c","WASP-41",421.00000000000,1.0700000000,0.930000,"Radial Velocity"
"HD 192263 b","HD 192263",24.35560000000,0.1500000000,0.660000,"Radial Velocity"
"HD 141399 e","HD 141399",5000.00000000000,5.0000000000,1.070000,"Radial Velocity"
"HD 40956 b","HD 40956",578.60000000000,1.4000000000,2.000000,"Radial Velocity"
"K2-83 c","K2-83",9.99767000000,0.0713100000,0.484000,"Transit"
"HD 156846 b","HD 156846",359.51001000000,1.1200000000,1.380000,"Radial Velocity"
"HD 23596 b","HD 23596",1535.11912000000,2.6940000000,1.100000,"Radial Velocity"
"HD 39194 d","HD 39194",33.87400000000,0.1949000000,0.860000,"Radial Velocity"
"HIP 948 b","HIP 948",24955.45756000000,15.0370000000,0.710000,"Radial Velocity"
"HD 108236 c","HD 108236",6.20344900000,0.0620000000,0.869000,"Transit"
"HD 114783 c","HD 114783",4352.00000000000,5.0000000000,0.900000,"Radial Velocity"
"LHS 1903 b","LHS 1903",2.15550980000,0.0265600000,0.538000,"Transit"
"HD 154345 b","HD 154345",3280.00000000000,4.1580000000,0.890000,"Radial Velocity"
"HD 34445 e","HD 34445",49.17500000000,0.2687000000,1.070000,"Radial Velocity"
"K2-65 b","K2-65",12.64750000000,0.1014000000,0.870000,"Transit"
"HAT-P-2 b","HAT-P-2",5.63351580000,0.0681400000,1.330000,"Transit"
"HD 39194 b","HD 39194",5.63692000000,0.0589500000,0.860000,"Radial Velocity"
"HD 105618 c","HD 105618",77114.07158000000,35.7310000000,1.010000,"Radial Velocity"
"K2-148 d","K2-148",9.75790000000,0.0774000000,0.650000,"Transit"
"HD 40307 f","HD 40307",51.76000000000,0.2470000000,0.770000,"Radial Velocity"
"HD 74698 b","HD 74698",15.01700000000,0.1210000000,1.039000,"Radial Velocity"
"TOI-5688 A b","TOI-5688 A",2.94815527000,0.0337900000,0.600000,"Transit"
"TOI-3807 b","TOI-3807",2.89897270000,0.0421000000,1.181000,"Transit"
"TOI-1518 b","TOI-1518",1.90261131000,0.0371200000,1.880000,"Transit"
"HATS-37 A b","HATS-37 A",4.33153660000,0.0491300000,0.843000,"Transit"
"K2-271 b","K2-271",8.56242100000,0.0770000000,0.830000,"Transit"
"K2-244 b","K2-244",21.06884000000,0.1418000000,0.860000,"Transit"
"HAT-P-60 b","HAT-P-60",4.79478130000,0.0627700000,1.435000,"Transit"
"CoRoT-32 b","CoRoT-32",6.71837000000,0.0710000000,1.080000,"Transit"
"WASP-91 b","WASP-91",2.79858100000,0.0370000000,0.840000,"Transit"
"HD 564 b","HD 564",492.30000000000,1.2000000000,0.961000,"Radial Velocity"
"Pr0211 c","Pr0211",4850.00000000000,5.5000000000,0.935000,"Radial Velocity"
"HATS-5 b","HATS-5",4.76338700000,0.0542000000,0.936000,"Transit"
"61 Vir c","61 Vir",38.02100000000,0.2175000000,0.942000,"Radial Velocity"
"DMPP-6 b","DMPP-6",7.60270000000,0.0779000000,1.079000,"Radial Velocity"
"TOI-2128 b","TOI-2128",16.34136000000,0.1270000000,1.025100,"Transit"
"6 Lyn b","6 Lyn",919.86000000000,2.0280000000,1.320000,"Radial Velocity"
"GJ 338 B b","GJ 338 B",24.42200000000,0.1420000000,0.640000,"Radial Velocity"
"HD 213472 b","HD 213472",17000.00000000000,13.0000000000,1.048132,"Radial Velocity"
"HD 75784 b","HD 75784",341.20000000000,1.0320000000,1.260000,"Radial Velocity"
"HIP 86221 b","HIP 86221",2.22400000000,0.0310000000,0.790000,"Radial Velocity"
"HD 86728 b","HD 86728",31.15150000000,0.1916000000,0.967000,"Radial Velocity"
"TOI-5817 b","TOI-5817",15.61031000000,0.1223000000,0.970000,"Transit"
"HD 73583 b","HD 73583",6.39804200000,0.0604000000,0.730000,"Transit"
"TOI-1410 c","TOI-1410",47.56000000000,0.2390000000,0.794100,"Radial Velocity"
"TOI-2842 b","TOI-2842",3.55140580000,0.0475000000,1.135000,"Transit"
"TOI-763 b","TOI-763",5.60570000000,0.0600000000,0.917000,"Transit"
"TOI-5542 b","TOI-5542",75.12375000000,0.3320000000,0.890000,"Transit"
"HD 21693 b","HD 21693",22.67860000000,0.1455000000,0.800000,"Radial Velocity"
"K2-48 b","K2-48",20.50650000000,0.1344000000,0.770000,"Transit"
"HD 238914 b","HD 238914",4100.00000000000,5.7000000000,1.470000,"Radial Velocity"
"Kepler-1654 b","Kepler-1654",1047.83560000000,2.0260000000,1.011000,"Transit"
"HD 100508 b","HD 100508",5681.00000000000,6.1100000000,0.940000,"Radial Velocity"
"HD 154857 c","HD 154857",3452.00000000000,5.3600000000,1.718000,"Radial Velocity"
"HD 4760 b","HD 4760",434.00000000000,1.1400000000,1.050000,"Radial Velocity"
"HD 110113 c","HD 110113",6.74400000000,0.0680000000,0.997000,"Radial Velocity"
"HD 202696 b","HD 202696",517.80000000000,1.5660000000,1.910000,"Radial Velocity"
"HD 210193 b","HD 210193",649.91800000000,1.4870000000,1.040000,"Radial Velocity"
"HD 180053 b","HD 180053",213.72000000000,0.8430000000,1.750000,"Radial Velocity"
"HD 135625 b","HD 135625",4055.00000000000,5.4000000000,1.280000,"Radial Velocity"
"HD 128311 c","HD 128311",921.53800000000,1.7400000000,0.828000,"Radial Velocity"
"HD 125612 d","HD 125612",2822.72698000000,3.9820000000,1.050000,"Radial Velocity"
"51 Eri b","51 Eri",9100.00000000000,10.4000000000,1.750000,"Imaging"
"HD 168443 c","HD 168443",1753.10960000000,2.8420000000,0.980000,"Radial Velocity"
"TOI-5789 b","TOI-5789",2.76369000000,0.0360800000,0.821000,"Radial Velocity"
"11 Com b","11 Com",323.21000000000,1.1780000000,2.090000,"Radial Velocity"
"K2-66 b","K2-66",5.06963000000,0.0598300000,1.110000,"Transit"
"K2-4 b","K2-4",10.00341700000,0.0780000000,0.635026,"Transit"
"WASP-53 c","WASP-53",2840.00000000000,3.7300000000,0.839000,"Radial Velocity"
"HD 112640 b","HD 112640",613.20000000000,1.7000000000,1.800000,"Radial Velocity"
"HD 216437 b","HD 216437",1359.00000000000,2.5700000000,1.220000,"Radial Velocity"
"tau Cet f","tau Cet",636.13000000000,1.3340000000,0.783000,"Radial Velocity"
"HD 82886 b","HD 82886",705.00000000000,1.5800000000,2.530000,"Radial Velocity"
"NGTS-34 b","NGTS-34",43.12655000000,0.2570000000,1.266000,"Transit"
"HD 142022 A b","HD 142022 A",1928.00000000000,2.9300000000,0.900000,"Radial Velocity"
"HD 47366 c","HD 47366",677.53000000000,1.8400000000,1.810000,"Radial Velocity"
"HD 206610 b","HD 206610",673.20000000000,1.7400000000,1.550000,"Radial Velocity"
"HD 74698 c","HD 74698",3449.00000000000,4.5000000000,1.039000,"Radial Velocity"
"Gaia-2 b","Gaia-2",3.69152240000,0.0467000000,1.000000,"Transit"
"HIP 105854 b","HIP 105854",184.20000000000,0.8100000000,2.100000,"Radial Velocity"
"TOI-5616 b","TOI-5616",2.00284900000,0.0272000000,0.666000,"Transit"
"NGTS-9 b","NGTS-9",4.43527000000,0.0580000000,1.340000,"Transit"
"HD 145377 b","HD 145377",103.95000000000,0.4500000000,1.200000,"Radial Velocity"
"TOI-5789 d","TOI-5789",29.65000000000,0.1756000000,0.821000,"Radial Velocity"
"HD 4917 b","HD 4917",400.50000000000,1.1670000000,1.320000,"Radial Velocity"
"G 192-15 c","G 192-15",1219.00000000000,1.1370000000,0.132000,"Radial Velocity"
"K2-118 b","K2-118",50.92092000000,0.2450000000,0.756446,"Transit"
"K2-203 b","K2-203",9.69520000000,0.0824000000,0.793000,"Transit"
"TOI-1408 c","TOI-1408",2.16640000000,0.0358700000,1.312000,"Transit Timing Variations"
"CoRoT-16 b","CoRoT-16",5.35227000000,0.0618000000,1.098000,"Transit"
"TOI-2587 A b","TOI-2587 A",5.45664000000,0.0635000000,1.150000,"Transit"
"DMPP-2 d","DMPP-2",16.49100000000,0.1432000000,1.410000,"Radial Velocity"
"HD 108236 e","HD 108236",19.59002500000,0.1367000000,0.869000,"Transit"
"HD 4308 b","HD 4308",15.56000000000,0.1200000000,0.930000,"Radial Velocity"
"Kepler-1978 b","Kepler-1978",10.84969477000,0.0914000000,0.869000,"Transit"
"HD 7199 b","HD 7199",615.00000000000,1.3600000000,0.770000,"Radial Velocity"
"HD 136352 b","HD 136352",11.57797000000,0.0964000000,0.870000,"Radial Velocity"
"HD 164604 b","HD 164604",653.90000000000,1.3620000000,0.770000,"Radial Velocity"
"HIP 57274 d","HIP 57274",431.70000000000,1.0100000000,0.730000,"Radial Velocity"
"HD 13908 c","HD 13908",931.00000000000,2.0300000000,1.290000,"Radial Velocity"
"HIP 67851 b","HIP 67851",89.23000000000,0.4200000000,1.280000,"Radial Velocity"
"HD 220842 b","HD 220842",218.47000000000,0.7400000000,1.130000,"Radial Velocity"
"HD 1605 c","HD 1605",2149.00000000000,3.5840000000,1.330000,"Radial Velocity"
"HD 187085 b","HD 187085",1019.74000000000,2.1000000000,1.189000,"Radial Velocity"
"GJ 317 c","GJ 317",6500.00000000000,5.0400000000,0.402000,"Radial Velocity"
"GJ 3293 d","GJ 3293",48.13450000000,0.1939400000,0.420000,"Radial Velocity"
"HAT-P-55 b","HAT-P-55",3.58523130000,0.0462800000,1.028000,"Transit"
"HATS-22 b","HATS-22",4.72281240000,0.0502500000,0.759000,"Transit"
"WASP-44 b","WASP-44",2.42380400000,0.0345300000,0.935000,"Transit"
"TOI-2345 b","TOI-2345",1.05285730000,0.0170500000,0.727000,"Transit"
"K2-239 c","K2-239",7.77500000000,0.0576000000,0.400000,"Transit"
"HD 206255 b","HD 206255",96.04500000000,0.4610000000,1.420000,"Radial Velocity"
"TOI-159 b","TOI-159",3.76283960000,0.0560000000,1.661000,"Transit"
"Wolf 327 b","Wolf 327",0.57347450000,0.0100000000,0.405000,"Transit"
"18 Del b","18 Del",982.85000000000,2.4760000000,2.100000,"Radial Velocity"
"NGTS-14 A b","NGTS-14 A",3.53571730000,0.0403000000,0.898000,"Transit"
"K2-230 b","K2-230",2.86041000000,0.0409000000,1.110000,"Transit"
"HD 72490 b","HD 72490",858.00000000000,1.8800000000,1.210000,"Radial Velocity"
"Kepler-1518 c","Kepler-1518",9.63102580000,0.0905000000,1.060000,"Transit"
"K2-90 c","K2-90",2.90070600000,0.0350000000,0.704613,"Transit"
"Kepler-391 c","Kepler-391",20.50100000000,0.1640000000,1.270000,"Transit"
"WASP-59 b","WASP-59",7.91958500000,0.0697000000,0.719000,"Transit"
"HD 221585 b","HD 221585",1173.00000000000,2.3060000000,1.190000,"Radial Velocity"
"Kepler-538 b","Kepler-538",81.73778000000,0.3554000000,0.892000,"Transit"
"HAT-P-54 b","HAT-P-54",3.79984700000,0.0411700000,0.645000,"Transit"
"GJ 508.2 b","GJ 508.2",5300.00000000000,4.8500000000,0.540000,"Radial Velocity"
"TOI-2529 b","TOI-2529",64.59490000000,0.3270000000,1.110000,"Transit"
"K2-153 b","K2-153",7.51574000000,0.0614000000,0.550000,"Transit"
"Luhman 16 b","Luhman 16 A",9697.00000000000,3.5200000000,0.033800,"Imaging"
"TOI-540 b","TOI-540",1.23914910000,0.0122300000,0.159000,"Transit"
"TOI-2236 b","TOI-2236",3.53159020000,0.0500900000,1.343000,"Transit"
"HD 203387 c","HD 203387",2481.07227000000,5.0670000000,2.817000,"Radial Velocity"
"Kepler-1801 c","Kepler-1801",116.58318300000,0.4572000000,0.936000,"Transit"
"DMPP-1 e","DMPP-1",5.51600000000,0.0651000000,1.210000,"Radial Velocity"
"Kepler-32 b","Kepler-32",5.90124000000,0.0500000000,0.580000,"Transit"
"HD 219134 f","HD 219134",22.71700000000,0.1463000000,0.810000,"Radial Velocity"
"TOI-1669 b","TOI-1669",500.00000000000,1.2700000000,0.986700,"Radial Velocity"
"K2-58 c","K2-58",2.53726000000,0.0350000000,0.890000,"Transit"
"WASP-118 b","WASP-118",4.04604350000,0.0545300000,1.320000,"Transit"
"K2-30 b","K2-30",4.09850300000,0.0483900000,0.900000,"Transit"
"K2-316 b","K2-316",1.13300000000,0.0147000000,0.408000,"Transit"
"HD 81817 c","HD 81817",622.97802000000,2.3250000000,4.300000,"Radial Velocity"
"Gl 49 b","Gl 49",13.85080000000,0.0905000000,0.515000,"Radial Velocity"
"TOI-411 c","HD 22946",9.57308300000,0.1017000000,1.098000,"Transit"
"HD 5608 b","HD 5608",768.70000000000,1.7900000000,1.290000,"Radial Velocity"
"TOI-238 b","TOI-238",1.27309900000,0.0212000000,0.781000,"Transit"
"BD+03 2562 b","BD+03 2562",481.90000000000,1.3000000000,1.140000,"Radial Velocity"
"TOI-4427 b","TOI-4427",4.61826210000,0.0538900000,0.900000,"Transit"
"HD 33564 b","HD 33564",388.00000000000,1.1000000000,1.250000,"Radial Velocity"
"TOI-784 b","HD 307842",2.79703650000,0.0380000000,0.910000,"Transit"
"BD-11 4672 c","BD-11 4672",74.20000000000,0.3000000000,0.651000,"Radial Velocity"
"TOI-198 b","TOI-198",10.21521300000,0.0675000000,0.417000,"Transit"
"TOI-7510 d","TOI-7510",48.86446800000,0.2672000000,1.063000,"Transit"
"K2-358 b","K2-358",11.25102850000,0.0863000000,0.930000,"Transit"
"HD 216536 b","HD 216536",148.60001000000,0.6100000000,0.810000,"Radial Velocity"
"TOI-1472 c","TOI-1472",15.53817470000,0.1160000000,0.870000,"Radial Velocity"
"HD 147018 b","HD 147018",44.23600000000,0.2388000000,0.927000,"Radial Velocity"
"KOI-984 b","KOI-984",4.28817850000,0.0504000000,0.928000,"Transit"
"HD 154857 b","HD 154857",408.60001000000,1.2900000000,1.960000,"Radial Velocity"
"GJ 676 A d","GJ 676 A",3.60076000000,0.0390000000,0.626000,"Radial Velocity"
"WASP-155 b","WASP-155",3.11041300000,0.0430000000,1.090000,"Transit"
"HATS-25 b","HATS-25",4.29864320000,0.0516300000,0.994000,"Transit"
"nu Oct A b","nu Oct A",402.40000000000,1.2400000000,1.570000,"Radial Velocity"
"TOI-1117 d","TOI-1117",8.66500000000,0.0817000000,0.970000,"Radial Velocity"
"HD 27969 b","HD 27969",654.50000000000,1.5520000000,1.160000,"Radial Velocity"
"Kepler-2001 b","Kepler-2001",1.09001100300,0.0197000000,0.864000,"Transit"
"WASP-188 b","WASP-188",5.74891600000,0.0720000000,1.500000,"Transit"
"HD 179079 b","HD 179079",14.47900000000,0.1214000000,1.140000,"Radial Velocity"
"HIP 19976 b","HIP 19976",50.65905000000,0.2340000000,0.670000,"Radial Velocity"
"WASP-116 b","WASP-116",6.61320000000,0.0650000000,1.250000,"Transit"
"Kepler-1990 b","Kepler-1990",1.73513619000,0.0286000000,1.028000,"Transit"
"K2-228 b","K2-228",2.69828000000,0.0338000000,0.710000,"Transit"
"Kepler-186 c","Kepler-186",7.26730200000,0.0451000000,0.478000,"Transit"
"Kepler-1992 b","Kepler-1992",15.61122380000,0.1169000000,0.874000,"Transit"
"WASP-85 A b","WASP-85 A",2.65567770000,0.0390000000,1.090000,"Transit"
"HD 69123 b","HD 69123",1193.30000000000,2.4820000000,1.680000,"Radial Velocity"
"Kepler-107 d","Kepler-107",7.95839000000,0.0837700000,1.238000,"Transit"
"HD 139357 b","HD 139357",1124.79139000000,2.9490000000,2.690000,"Radial Velocity"
"KELT-24 b","KELT-24",5.55149296000,0.0665000000,1.268000,"Transit"
"K2-289 b","K2-289",13.15696900000,0.1070000000,0.953000,"Transit"
"GPX-1 b","GPX-1",1.74457900000,0.0338000000,1.680000,"Transit"
"TOI-815 b","TOI-815",11.19725900000,0.0903000000,0.776000,"Transit"
"TOI-7510 b","TOI-7510",11.53086900000,0.1019000000,1.063000,"Transit"
"HATS-68 b","HATS-68",3.58622020000,0.0507100000,1.351000,"Transit"
"WASP-114 b","WASP-114",1.54877430000,0.0285100000,1.289000,"Transit"
"K2-180 b","K2-180",8.86566300000,0.0756000000,0.735000,"Transit"
"K2-275 b","K2-275",3.28096260000,0.0277000000,0.770000,"Transit"
"alf Tau b","alf Tau",628.96000000000,1.4600000000,1.130000,"Radial Velocity"
"TOI-1742 b","TOI-1742",21.26908400000,0.1540000000,1.086100,"Transit"
"K2-26 b","K2-26",14.56650000000,0.0962000000,0.560000,"Transit"
"K2-246 b","K2-246",5.76918000000,0.0602000000,0.870000,"Transit"
"HD 114729 b","HD 114729",1121.79000000000,2.0670000000,0.936000,"Radial Velocity"
"DMPP-6 c","DMPP-6",36.44100000000,0.2206000000,1.079000,"Radial Velocity"
"BD-210397 b","BD-210397",1891.00000000000,2.6300000000,0.679000,"Radial Velocity"
"HIP 56640 b","HIP 56640",2675.57603000000,4.5500000000,1.750000,"Radial Velocity"
"TOI-201 c","TOI-201",2890.00000000000,4.3700000000,1.320000,"Transit Timing Variations"
"HD 102117 b","HD 102117",20.81330000000,0.1500000000,1.060000,"Radial Velocity"
"Kepler-730 b","Kepler-730",6.49168280800,0.0694000000,1.047000,"Transit"
"HD 18015 b","HD 18015",2278.00000000000,3.8700000000,1.490000,"Radial Velocity"
"TOI-2107 b","TOI-2107",2.45454670000,0.0351500000,0.961000,"Transit"
"Kepler-1655 b","Kepler-1655",11.87287870000,0.1029000000,1.030000,"Transit"
"HD 134606 b","HD 134606",12.08900000000,0.1046000000,1.046000,"Radial Velocity"
"HD 31253 b","HD 31253",466.00000000000,1.2600000000,1.700000,"Radial Velocity"
"K2-243 b","K2-243",11.54182000000,0.1087000000,1.290000,"Transit"
"OGLE-TR-211 b","OGLE-TR-211",3.67724000000,0.0510000000,1.330000,"Transit"
"HD 165155 b","HD 165155",434.50000000000,1.1300000000,1.020000,"Radial Velocity"
"K2-63 b","K2-63",20.25700000000,0.1627000000,1.400000,"Transit"
"HD 9446 b","HD 9446",30.05200000000,0.1890000000,1.000000,"Radial Velocity"
"WASP-90 b","WASP-90",3.91624300000,0.0562000000,1.550000,"Transit"
"KELT-21 b","KELT-21",3.61276470000,0.0522400000,1.458000,"Transit"
"TOI-332 b","TOI-332",0.77703800000,0.0159000000,0.880000,"Transit"
"BD+55 362 b","BD+55 362",265.59000000000,0.7800000000,0.909000,"Radial Velocity"
"TOI-6303 b","TOI-6303",9.48523600000,0.0761000000,0.644000,"Transit"
"HD 125612 c","HD 125612",4.15466000000,0.0510000000,1.050000,"Radial Velocity"
"omi CrB b","omi CrB",187.01000000000,0.6990000000,1.300000,"Radial Velocity"
"GJ 676 A b","GJ 676 A",1051.44521000000,1.7350000000,0.626000,"Radial Velocity"
"GJ 179 b","GJ 179",2288.00000000000,2.4100000000,0.357000,"Radial Velocity"
"TOI-969 c","TOI-969",1700.00000000000,2.5200000000,0.734000,"Radial Velocity"
"K2-270 c","K2-270",4.40002800000,0.0497000000,0.850000,"Transit"
"K2-5 b","K2-5",5.73594000000,0.0532000000,0.610000,"Transit"
"HD 137388 b","HD 137388",330.00000000000,0.8900000000,0.680000,"Radial Velocity"
"K2-413 c","K2-413",5.33010000000,0.0426000000,0.808000,"Transit"
"TOI-4527.01","TOI-4527",0.39944450000,0.0083323530,0.483901,"Transit"
"HD 177830 b","HD 177830",410.10001000000,1.1400000000,1.700000,"Radial Velocity"
"47 UMa b","47 UMa",1078.00000000000,2.1000000000,1.060000,"Radial Velocity"
"Kepler-32 c","Kepler-32",8.75220000000,0.0900000000,0.580000,"Transit"
"DMPP-1 b","DMPP-1",17.81200000000,0.1423000000,1.210000,"Radial Velocity"
"GJ 3998 d","GJ 3998",41.78000000000,0.1890000000,0.520000,"Radial Velocity"
"WASP-151 b","WASP-151",4.53347750000,0.0550000000,1.081000,"Transit"
"TOI-2120 b","TOI-2120",5.79981640000,0.0377000000,0.211000,"Transit"
"HIP 97166 c","HIP 97166",16.43200000000,0.1240000000,0.934200,"Radial Velocity"
"HD 140901 b","HD 140901",9.02378000000,0.0850000000,0.990000,"Radial Velocity"
"HD 93963 A b","HD 93963 A",1.03761090000,0.0206100000,1.084400,"Transit"
"GJ 876 e","GJ 876",124.26000000000,0.3343000000,0.320000,"Radial Velocity"
"K2-99 b","K2-99",18.24783000000,0.1530000000,1.440000,"Transit"
"TOI-1135 b","TOI-1135",8.02773270000,0.0815000000,1.119000,"Transit"
"K2-44 b","K2-44",5.65700000000,0.0600000000,1.150000,"Transit"
"K2-414 b","K2-414",4.36960000000,0.0487000000,0.814000,"Transit"
"HD 7924 b","HD 7924",5.39792000000,0.0600000000,0.650000,"Radial Velocity"
"K2-150 b","K2-150",10.59357000000,0.0727000000,0.457000,"Transit"
"K2-108 b","K2-108",4.73399900000,0.0581000000,1.170000,"Transit"
"Kepler-437 b","Kepler-437",66.65062000000,0.2880000000,0.707000,"Transit"
"HD 23472 e","HD 23472",7.90754000000,0.0680000000,0.670000,"Transit"
"HD 18599 b","HD 18599",4.13743540000,0.0480000000,0.863000,"Transit"
"K2-159 b","K2-159",12.42205000000,0.1013000000,0.900000,"Transit"
"WASP-31 b","WASP-31",3.40590960000,0.0465900000,1.163000,"Transit"
"WASP-186 b","WASP-186",5.02679900000,0.0600000000,1.220000,"Transit"
"HATS-43 b","HATS-43",4.38884970000,0.0494400000,0.837000,"Transit"
"TOI-2420 b","TOI-2420",5.84264100000,0.0684000000,1.158000,"Transit"
"K2-36 b","K2-36",1.42261400000,0.0228800000,0.790000,"Transit"
"TOI-4184 b","TOI-4184",4.90198040000,0.0336000000,0.210900,"Transit"
"WASP-165 b","WASP-165",3.46550900000,0.0482300000,1.248000,"Transit"
"Kepler-20 b","Kepler-20",3.69610490000,0.0456500000,0.929000,"Transit"
"HIP 35173 b","HIP 35173",41.51600000000,0.2170000000,0.790000,"Radial Velocity"
"K2-318 b","K2-318",7.01000000000,0.0911000000,0.561000,"Transit"
"CoRoT-29 b","CoRoT-29",2.85057000000,0.0386000000,0.970000,"Transit"
"HD 1666 b","HD 1666",270.00000000000,0.9400000000,1.500000,"Radial Velocity"
"HIP 38594 b","HIP 38594",60.72200000000,0.2560000000,0.610000,"Radial Velocity"
"WASP-10 b","WASP-10",3.09276160000,0.0378100000,0.750000,"Transit"
"TOI-2714 b","TOI-2714",2.49938700000,0.0360000000,1.070000,"Transit"
"TOI-2141 b","TOI-2141",18.26160800000,0.1322000000,0.896000,"Transit"
"Kepler-278 b","Kepler-278",30.15560000000,0.2020000000,1.227000,"Transit"
"HD 14787 b","HD 14787",676.60000000000,1.7000000000,1.430000,"Radial Velocity"
"HD 34445 b","HD 34445",1049.00000000000,2.0700000000,1.140000,"Radial Velocity"
"TOI-5789 e","TOI-5789",62.98000000000,0.2901000000,0.821000,"Radial Velocity"
"HD 21520 b","HD 21520",25.12920000000,0.1726000000,1.090000,"Transit"
"HD 159868 b","HD 159868",1184.10000000000,2.3200000000,1.190000,"Radial Velocity"
"HD 215152 b","HD 215152",5.75999000000,0.0576380000,0.770000,"Radial Velocity"
"K2-266 c","K2-266",7.81400000000,0.0679000000,0.686000,"Transit"
"HD 40307 g","HD 40307",197.80000000000,0.6000000000,0.770000,"Radial Velocity"
"HD 96063 b","HD 96063",362.50000000000,1.1100000000,1.370000,"Radial Velocity"
"HD 6718 b","HD 6718",2476.00000000000,3.5300000000,0.960000,"Radial Velocity"
"HD 112300 b","HD 112300",466.63000000000,1.3300000000,1.400000,"Radial Velocity"
"HD 191939 d","HD 191939",38.35303700000,0.2132000000,0.810000,"Transit"
"HATS-4 b","HATS-4",2.51672900000,0.0362000000,1.001000,"Transit"
"K2-79 b","K2-79",10.99503900000,0.0987000000,1.060000,"Transit"
"TOI-244 b","TOI-244",7.39722500000,0.0559000000,0.428000,"Transit"
"BD+15 2940 b","BD+15 2940",137.48000000000,0.5390000000,1.100000,"Radial Velocity"
"EPIC 201757695.02","EPIC 201757695",2.04780000000,0.0296000000,0.727000,"Transit"
"Kepler-33 f","Kepler-33",41.02902000000,0.2535000000,1.291000,"Transit"
"HD 134987 c","HD 134987",5000.00000000000,5.8000000000,1.100000,"Radial Velocity"
"K2-70 b","K2-70",13.97896000000,0.1112000000,0.940000,"Transit"
"TOI-1743 b","TOI-1743",4.26604600000,0.0358900000,0.339000,"Transit"
"HD 10180 f","HD 10180",122.74400000000,0.4929000000,1.060000,"Radial Velocity"
"TOI-5007 b","TOI-5007",2.54337100000,0.0307000000,0.632000,"Transit"
"CoRoT-27 b","CoRoT-27",3.57532000000,0.0476000000,1.050000,"Transit"
"Kepler-539 b","Kepler-539",125.63243000000,0.4988000000,1.048000,"Transit"
"HD 113337 c","HD 113337",5429.93477000000,6.8050000000,1.410000,"Radial Velocity"
"K2-32 e","K2-32",4.34934000000,0.0489900000,0.830000,"Transit"
"GJ 687 b","GJ 687",38.14200000000,0.1630000000,0.400000,"Radial Velocity"
"HD 20794 e","HD 20794",147.02000000000,0.5090000000,0.813000,"Radial Velocity"
"HD 16417 b","HD 16417",17.24000000000,0.1400000000,1.200000,"Radial Velocity"
"TOI-1803 c","TOI-1803",12.88577900000,0.0970000000,0.756000,"Transit"
"GJ 680 b","GJ 680",17281.66514000000,10.1380000000,0.456000,"Radial Velocity"
"Kepler-1661 b","Kepler-1661",175.06000000000,0.6330000000,0.841000,"Transit"
"HD 37605 c","HD 37605",2720.00000000000,3.7400000000,0.940000,"Radial Velocity"
"Kepler-432 b","Kepler-432",52.50112900000,0.3010000000,1.320000,"Transit"
"Kepler-80 b","Kepler-80",7.05246000000,0.0648000000,0.730000,"Transit"
"Kepler-42 c","Kepler-42",0.45328509000,0.0060000000,0.130000,"Transit"
"Kepler-1987 c","Kepler-1987",3.64830183000,0.0427000000,0.799000,"Transit"
"TOI-3457 b","TOI-3457",32.60026800000,0.2001000000,1.040000,"Transit"
"K2-239 d","K2-239",10.11500000000,0.0685000000,0.400000,"Transit"
"K2-58 d","K2-58",22.88270000000,0.1517000000,0.890000,"Transit"
"HD 11977 b","HD 11977",711.00000000000,1.9300000000,1.910000,"Radial Velocity"
"HD 51608 c","HD 51608",95.94460000000,0.3809000000,0.800000,"Radial Velocity"
"HD 118203 b","HD 118203",6.13497790000,0.0713000000,1.270000,"Radial Velocity"
"HD 152079 b","HD 152079",2918.92000000000,4.1870000000,1.147000,"Radial Velocity"
"HIP 34222 b","HIP 34222",159.98600000000,0.4920000000,0.620000,"Radial Velocity"
"HD 199509 b","HD 199509",99.62167000000,0.4260000000,1.040000,"Radial Velocity"
"TOI-5634 A b","TOI-5634 A",2.20353730000,0.0272000000,0.556000,"Transit"
"K2-193 b","K2-193",14.78688900000,0.1184000000,1.010000,"Transit"
"OGLE-2006-BLG-109L b","OGLE-2006-BLG-109L",1788.50000000000,2.3000000000,0.510000,"Microlensing"
"OGLE-2007-BLG-349L AB c","OGLE-2007-BLG-349L A",2557.00000000000,2.5900000000,0.410000,"Microlensing"
"OGLE-2016-BLG-0007L b","OGLE-2016-BLG-0007L",14200.00000000000,10.1000000000,0.590000,"Microlensing"
"Oph 11 b","Oph 11",7300000.00000000000,243.0000000000,0.016000,"Imaging"
"HD 113538 c","HD 113538",1818.00000000000,2.4400000000,0.585000,"Radial Velocity"
"HD 18742 b","HD 18742",766.00000000000,1.8200000000,1.360000,"Radial Velocity"
"WASP-113 b","WASP-113",4.54216874538,0.0588500000,1.318000,"Transit"
"HD 128356 b","HD 128356",298.20000000000,0.8700000000,0.650000,"Radial Velocity"
"GJ 143 b","GJ 143",35.61253000000,0.1915000000,0.730000,"Transit"
"HD 108236 b","HD 108236",3.79596300000,0.0452700000,0.869000,"Transit"
"TOI-3331 A b","TOI-3331 A",2.01802310000,0.0314400000,1.016000,"Transit"
"NGTS-24 b","NGTS-24",3.46787960000,0.0479000000,1.260000,"Transit"
"HD 205158 b","HD 205158",25.33798000000,0.1770000000,1.160000,"Radial Velocity"
"HD 206893 b","HD 206893",11100.00000000000,10.7500000000,1.310000,"Imaging"
"TOI-1294 b","TOI-1294",3.91529200000,0.0510000000,1.157800,"Transit"
"Kepler-102 b","Kepler-102",5.28696500000,0.0552100000,0.803000,"Transit"
"Kepler-1647 b","Kepler-1647",1107.59230000000,2.7205000000,1.220700,"Transit"
"DMPP-9 b","DMPP-9",12.73300000000,0.1097000000,1.100000,"Radial Velocity"
"HD 16760 b","HD 16760",466.08000000000,1.1560000000,0.930000,"Radial Velocity"
"HAT-P-36 b","HAT-P-36",1.32734683000,0.0241000000,1.030000,"Transit"
"HD 113337 b","HD 113337",317.58639000000,1.0220000000,1.410000,"Radial Velocity"
"BD+63 1405 b","BD+63 1405",1198.48000000000,2.0600000000,0.816000,"Radial Velocity"
"K2-16 b","K2-16",7.61880000000,0.0667000000,0.680000,"Transit"
"HIP 14810 c","HIP 14810",147.74700000000,0.5490000000,1.010000,"Radial Velocity"
"HD 120084 b","HD 120084",2142.00000000000,4.2100000000,2.160000,"Radial Velocity"
"HD 154391 b","HD 154391",5163.00000000000,7.4600000000,2.070000,"Radial Velocity"
"HD 12484 b","HD 12484",58.83000000000,0.2970000000,1.010000,"Radial Velocity"
"TOI-2458 c","TOI-2458",16.55300000000,0.1290000000,1.050000,"Radial Velocity"
"Barnard d","Barnard's star",2.34020000000,0.0188000000,0.162000,"Radial Velocity"
"Kepler-27 b","Kepler-27",15.33480000000,0.1180000000,0.650000,"Transit"
"TOI-615 b","TOI-615",4.66159830000,0.0678000000,1.449000,"Transit"
"K2-278 b","K2-278",3.33496600000,0.0488000000,1.400000,"Transit"
"HD 96992 b","HD 96992",514.00000000000,1.2400000000,0.960000,"Radial Velocity"
"47 UMa c","47 UMa",2391.00000000000,3.6000000000,1.060000,"Radial Velocity"
"HD 177830 c","HD 177830",110.90000000000,0.5137000000,1.470000,"Radial Velocity"
"HD 127506 b","HD 127506",65.78395000000,0.2870000000,0.730000,"Radial Velocity"
"TOI-1776 b","TOI-1776",2.79986800000,0.0378000000,0.919600,"Transit"
"TOI-1472 b","TOI-1472",6.36338574000,0.0640000000,0.870000,"Transit"
"HD 24040 b","HD 24040",3668.00000000000,4.9200000000,1.110000,"Radial Velocity"
"HD 45364 c","HD 45364",345.43000000000,0.9020000000,0.820000,"Radial Velocity"
"HD 75898 c","HD 75898",6717.00000000000,7.3900000000,1.295000,"Radial Velocity"
"TOI-5210 b","TOI-5210",4.56610610000,0.0557000000,1.105000,"Transit"
"HIP 8541 b","HIP 8541",1852.14387000000,3.7290000000,2.009000,"Radial Velocity"
"TOI-1052 b","TOI-1052",9.13970300000,0.0910300000,1.204000,"Transit"
"HD 64121 b","HD 64121",623.00000000000,1.5100000000,1.640000,"Radial Velocity"
"KOI-2513.01","KOI-2513",19.00547000000,0.5000000000,0.910000,"Transit"
"GJ 9066 c","GJ 9066",771.36000000000,0.8800000000,0.150000,"Radial Velocity"
"TOI-5005 b","TOI-5005",6.30850440000,0.0661400000,0.970000,"Transit"
"WASP-158 b","WASP-158",3.65633300000,0.0517000000,1.380000,"Transit"
"TOI-2382 b","TOI-2382",4.66120610000,0.0590000000,1.260000,"Transit"
"TYC 4282-00605-1 b","TYC 4282-00605-1",101.54000000000,0.4220000000,0.970000,"Radial Velocity"
"TOI-2447 b","TOI-2447",69.33684000000,0.3470000000,1.034000,"Transit"
"TOI-2274 b","TOI-2274",2.67963000000,0.0500000000,0.612000,"Transit"
"HD 219134 g","HD 219134",94.20000000000,0.3753000000,0.794000,"Radial Velocity"
"HD 59686 A b","HD 59686 A",299.36000000000,1.0860000000,1.900000,"Radial Velocity"
"HD 96700 c","HD 96700",19.88000000000,0.1410000000,0.890000,"Radial Velocity"
"GJ 581 c","GJ 581",12.92110000000,0.0718000000,0.295000,"Radial Velocity"
"HD 1461 c","HD 1461",13.50520000000,0.1117000000,1.020000,"Radial Velocity"
"CFBDSIR J145829+101343 b","CFBDSIR J145829+101343",10037.50000000000,2.6000000000,0.021000,"Imaging"
"WASP-75 b","WASP-75",2.48419300000,0.0375000000,1.140000,"Transit"
"HD 153557 c","HD 153557",15.27018000000,0.1110000000,0.790000,"Radial Velocity"
"HD 69830 c","HD 69830",31.56000000000,0.1860000000,0.860000,"Radial Velocity"
"KELT-12 b","KELT-12",5.03162300000,0.0670800000,1.591000,"Transit"
"TOI-4087 b","TOI-4087",3.17748350000,0.0446900000,1.178000,"Transit"
"GJ 876 c","GJ 876",30.08810000000,0.1295900000,0.320000,"Radial Velocity"
"CoRoT-12 b","CoRoT-12",2.82804200000,0.0401600000,1.078000,"Transit"
"TOI-1799 b","TOI-1799",7.09457086500,0.0725020000,1.010000,"Transit"
"Kepler-412 b","Kepler-412",1.72086040000,0.0289700000,1.167000,"Transit"
"HD 142 A d","HD 142",108.45299000000,0.4740000000,1.210000,"Radial Velocity"
"GJ 581 e","GJ 581",3.14810000000,0.0279900000,0.295000,"Radial Velocity"
"LHS 1903 c","LHS 1903",6.22618500000,0.0538700000,0.538000,"Transit"
"Kepler-444 f","Kepler-444",9.74048600000,0.0811000000,0.758000,"Transit"
"K2-355 b","K2-355",5.73856470000,0.0632000000,0.960000,"Transit"
"XO-7 b","XO-7",2.86414240000,0.0442100000,1.405000,"Transit"
"K2-252 b","K2-252",13.81513000000,0.1041000000,0.790000,"Transit"
"K2-240 c","K2-240",20.52300000000,0.1159000000,0.580000,"Transit"
"HD 12661 b","HD 12661",262.70862000000,0.8400000000,1.200000,"Radial Velocity"
"HD 16175 b","HD 16175",990.00000000000,2.1200000000,1.630000,"Radial Velocity"
"HD 73267 b","HD 73267",1257.99159000000,2.2290000000,0.930000,"Radial Velocity"
"HD 196067 b","HD 196067",3413.70000000000,4.7100000000,1.160000,"Radial Velocity"
"HD 55696 b","HD 55696",1827.00000000000,3.1800000000,1.290000,"Radial Velocity"
